ID,MSLG,SPA,MSLG_clean
220,PEZ COLOR AZUL MI FAVORITO,Los peces azules son mis favoritos.,PEZ COLOR AZUL MI FAVORITO
749,YO FELIZ MI HIJO LICENCIA-DE-CONDUCIR ÉL YA TENER,"Estoy feliz, mi hijo ya tiene licencia de conducir.",YO FELIZ MI HIJO LICENCIA-DE-CONDUCIR ÉL YA TENER
180,SU LIBRO MATEMÁTICAS USTEDES SACAR,Saquen su libro de Matemáticas.,SU LIBRO MATEMÁTICAS USTEDES SACAR
239,YO NECESITAR PAPEL PARA AGUA ABSORBER,Necesito papel para absorber el agua.,YO NECESITAR PAPEL PARA AGUA ABSORBER
673,dm-ISABEL TENER SU CORONA ORO,Isabel tiene una corona de oro.,ISABEL TENER SU CORONA ORO
659,ESTE JUGUETE BARATO,Este juguete está barato.,ESTE JUGUETE BARATO
402,¿TUYA MAESTRO+MUJER TÚ PONER-ATENCIÓN ELLA?,¿Le pusiste atención a tu maestra?,¿TUYA MAESTRO+MUJER TÚ PONER-ATENCIÓN ELLA?
132,MI MAMÁ USA CREMA-DE-COSMÉTICO,Mi mamá usa crema para la cara.,MI MAMÁ USA CREMA-DE-COSMÉTICO
568,SIEMPRE BEBÉ EXPRESAR EXPRESAR,El bebé siempre es muy expresivo.,SIEMPRE BEBÉ EXPRESAR EXPRESAR
613,AYER MI TIO SAN FRANCISCO YA LLEGAR,Ayer llegó mi tío de San Francisco.,AYER MI TIO SAN FRANCISCO YA LLEGAR
520,A-FUERZA TÚ DEBER TÚ PAGAR MÍ,Debes pagarme a fuerza.,A-FUERZA TÚ DEBER TÚ PAGAR MÍ
258,ESA ANTENA CARA VERDAD,Esa antena es muy cara.,ESA ANTENA CARA VERDAD
638,TEPITO LUGAR FAMOSO,Tepito es un lugar muy conocido.,TEPITO LUGAR FAMOSO
666,YO YA GANAR CAMPEONATO,Yo gané el campeonato.,YO YA GANAR CAMPEONATO
308,SACAR-COPIA TÚ DEBER,Debes sacar una copia.,SACAR-COPIA TÚ DEBER
316,YA ÉL ARRESTADO ESO FEO VERDAD,"Él fue arrestado, qué feo.",YA ÉL ARRESTADO ESO FEO VERDAD
372,MI SOBRINO ALTO,Mi sobrino es muy alto.,MI SOBRINO ALTO
560,SIEMPRE HIJO MÍ VECINO MUCHO DESOBEDECER,El hijo de mi vecino siempre es muy desobediente.,SIEMPRE HIJO MÍ VECINO MUCHO DESOBEDECER
884,MI HIJO+MUJER ELLA GUSTAR PATO MUCHO,A mi hija le gustan los patos.,MI HIJO+MUJER ELLA GUSTAR PATO MUCHO
310,SIEMPRE MI HERMANO+MUJER SU AMIGO AMBOS AHORA JUNTOS IMITAR SU CARÁCTER,"Mi hermana y su amigo siempre están juntos, ahora ella imita su comportamiento.",SIEMPRE MI HERMANO+MUJER SU AMIGO AMBOS AHORA JUNTOS IMITAR SU CARÁCTER
121,DOMINGO YO CONFIRMACIÓN YO IR,Iré a una confirmación el domingo.,DOMINGO YO CONFIRMACIÓN YO IR
264,¿TÚ YA CONOCER ARGENTINA?,¿Tú ya conoces Argentina?,¿TÚ YA CONOCER ARGENTINA?
703,ÁFRICA ADENTRO GHANA,Ghana está en África.,ÁFRICA ADENTRO GHANA
270,"AUDÍFONOS TÚ TENER, ¿PRESTAR? SÍ NO","Tú tienes unos audífonos, ¿me los prestas?","AUDÍFONOS TÚ TENER, ¿PRESTAR? SÍ NO"
143,CHAPULTEPEC YO YA VER ALGUNO DELFÍN,En Chapultepec vi algunos delfines.,CHAPULTEPEC YO YA VER ALGUNO DELFÍN
922,MAESTRA MATEMÁTICAS MUCHAS BROMAS,La maestra de matemáticas dice muchas bromas.,MAESTRA MATEMÁTICAS MUCHAS BROMAS
620,¿TÚ DECIR ESO SEGURO?,¿Estás seguro de lo que dices?,¿TÚ DECIR ESO SEGURO?
445,AYER MI PRIMO CONMIGO NOSOTROS-DE-DOS PELEAR,Mi primo se peleó conmigo ayer.,AYER MI PRIMO CONMIGO NOSOTROS-DE-DOS PELEAR
629,MI SUEGRO TRABAJO TRABAJO,Mi suegro es muy trabajador.,MI SUEGRO TRABAJO TRABAJO
553,YO OLVIDAR CONTRASEÑA,Olvidé mi contraseña.,YO OLVIDAR CONTRASEÑA
669,ÚNICO MUJER TENER SU CLITORIS,Sólo las mujeres tienen clítoris.,ÚNICO MUJER TENER SU CLITORIS
427,CANADÁ CASCADA dm-CATARATAS DEL NIÁGARA BONITA,"En Canadá están las Cataratas del Niágara, que son hermosas.",CANADÁ CASCADA CATARATAS DEL NIÁGARA BONITA
503,HOY NUEVO SACERDOTE YO YA CONOCER ÉL,Hoy conocí al nuevo sacerdote.,HOY NUEVO SACERDOTE YO YA CONOCER ÉL
773,ESE ELEFANTE OREJÓN CHISTOSO,Ese elefante orejón es muy chistoso.,ESE ELEFANTE OREJÓN CHISTOSO
224,dm-ALONDRA YA PROMETER SU MAMÁ FUTURO MÉDICO,Alondra le prometió a su mamá ser médico.,ALONDRA YA PROMETER SU MAMÁ FUTURO MÉDICO
383,MI AMIGO ARGENTINA ANTROPOLOGÍA ELLOS ESTUDIAR YA,Mis amigos argentinos estudiaron antropología.,MI AMIGO ARGENTINA ANTROPOLOGÍA ELLOS ESTUDIAR YA
877,CUADERNO YO NECESITAR,Necesito un cuaderno.,CUADERNO YO NECESITAR
890,YA MÉXICO NACIONAL MÍ PAPÁ DOS-DE-NOSOTROS-ABANDONAR MÍ,Mi papá nos abandonó en México.,YA MÉXICO NACIONAL MÍ PAPÁ DOS-DE-NOSOTROS-ABANDONAR MÍ
475,CHUPÓN DEBE DAR BEBÉ,Dale el chupón al bebé.,CHUPÓN DEBE DAR BEBÉ
109,MI HERMANO TENER DIENTE DIENTE CHUECO,Mi hermanito tiene los dientes chuecos.,MI HERMANO TENER DIENTE DIENTE CHUECO
859,AYER COCA-COLA YO COMPRAR,Yo compré una Coca Cola ayer.,AYER COCA-COLA YO COMPRAR
478,AHORITA NIÑO DIOS YA MECER,Es hora de mecer al niño Dios.,AHORITA NIÑO DIOS YA MECER
601,EJERCER-REMAR AYUDA CUERPO SANO,Remar es un ejercicio que ayuda a la salud.,EJERCER-REMAR AYUDA CUERPO SANO
820,TUS OJOS HERMOSOS COLOR CAFÉ,Tú tienes unos hermosos ojos color café.,TUS OJOS HERMOSOS COLOR CAFÉ
292,AYER NOCHE METRO CAOS,Anoche el metro era un caos.,AYER NOCHE METRO CAOS
407,MI VECINO+MUJER SU HIJO+MUJER TENER AUTISMO,La hija de mi vecina tiene autismo.,MI VECINO+MUJER SU HIJO+MUJER TENER AUTISMO
542,CARRETILLA-DE-CARGA COSTALES LLEVAR,Lleva los costales en la carretilla.,CARRETILLA-DE-CARGA COSTALES LLEVAR
215,LLOVER TARDE PARECE,Al parecer va a llover en la tarde.,LLOVER TARDE PARECE
869,¿TÚ CONTESTAR MI PREGUNTA PODER?,¿Puedes contestar mi pregunta?,¿TÚ CONTESTAR MI PREGUNTA PODER?
624,SENADOR GASOLINA AUMENTAR PORQUÉ ÉL EXPLICAR,El senador explica por qué la gasolina está cara.,SENADOR GASOLINA AUMENTAR PORQUÉ ÉL EXPLICAR
840,¿TÚ YA CENAR?,¿Ya cenaste?,¿TÚ YA CENAR?
464,CREDENCIAL VOTAR HABER MI HUELLA,La credencial del INE tiene mi huella.,CREDENCIAL VOTAR HABER MI HUELLA
417,MI PUERTA COLOR AZUL YO YA PINTAR,Pinté mi puerta de color azul.,MI PUERTA COLOR AZUL YO YA PINTAR
441,PLAYA MUCHOS COCOS YO ENCONTRAR YA,En la playa encontré muchos cocos.,PLAYA MUCHOS COCOS YO ENCONTRAR YA
583,PRÓXIMO AÑO LUGAR LAGO-DE-PÁTZCUARO NOSOTROS VIAJAR,Nosotros viajaremos el próximo año al Lago de Pátzcuaro.,PRÓXIMO AÑO LUGAR LAGO-DE-PÁTZCUARO NOSOTROS VIAJAR
908,YO TENER-CULPA,Yo no tengo la culpa.,YO TENER-CULPA
932,NAVIDAD ÚLTIMA DOS-DE-NOSOTROS NO-TE-HE-VISTO,No te he visto desde la última navidad.,NAVIDAD ÚLTIMA DOS-DE-NOSOTROS NO-TE-HE-VISTO
844,10 MAÑANA NOS-VEMOS METRO CHABACANO,Nos vemos en el metro chabacano a las 10 de la mañana,10 MAÑANA NOS-VEMOS METRO CHABACANO
559,VACUNAS PROTEGER ENFERMEDAD,Las vacunas te protegen de las enfermedades.,VACUNAS PROTEGER ENFERMEDAD
66,BARRERAS COMUNICACIÓN QUITAR PODER,Las barreras de comunicación pueden eliminarse.,BARRERAS COMUNICACIÓN QUITAR PODER
973,dm-EDGAR MAESTRO,Edgar es maestro.,EDGAR MAESTRO
41,dm-SOFÍA SU PAPÁ+MAMÁ APROVECHARSE-DE APOYO,Sofía se aprovechó del apoyo de sus papás.,SOFÍA SU PAPÁ+MAMÁ APROVECHARSE-DE APOYO
733,JAPÓN ESE ISLA BONITO,Japón es una isla bonita.,JAPÓN ESE ISLA BONITO
800,ESO FEO PARECE VULGAR,"Eso es feo, parece vulgar.",ESO FEO PARECE VULGAR
720,MI TÍO GUATEMALA VIVIR,Mi tío vive en Guatemala.,MI TÍO GUATEMALA VIVIR
13,"¡JARRÓN YO ROMPER, PERDÓN, ACCIDENTE!","¡Rompí el jarrón, perdón, fue un accidente!","¡JARRÓN YO ROMPER, PERDÓN, ACCIDENTE!"
672,SIEMPRE NIÑO SUEÑO,El niño siempre tiene sueño.,SIEMPRE NIÑO SUEÑO
141,BLOQUEAR PROTEGER SOL,El bloqueador me protege del sol.,BLOQUEAR PROTEGER SOL
57,BAJA-CALIFORNIA-SUR PLAYA DIFERENTES MUCHO LIMPIO,Las playas de Baja California Sur son muy limpias.,BAJA-CALIFORNIA-SUR PLAYA DIFERENTES MUCHO LIMPIO
415,ADORNAR NAVIDAD MI ABUELO AYUDAR,Mi abuelo ayuda a la colecta navideña.,ADORNAR NAVIDAD MI ABUELO AYUDAR
655,12% SUELDO YA AUMENTAR,Aumentó el sueldo en un 12%.,12% SUELDO YA AUMENTAR
785,DIARIO YO MANEJAR CARRO YO DEBER PONER-GASOLINA,"Diario manejo mi auto, debo ponerle gasolina.",DIARIO YO MANEJAR CARRO YO DEBER PONER-GASOLINA
647,WINDSURF NECESITAR VIENTO MAR,El windsurf necesita del aire para deslizarse.,WINDSURF NECESITAR VIENTO MAR
323,MUCHO ESFUERZO TÚ DEBER META TÚ ALCANZAR,Debes esforzarte mucho para alcanzar tu meta.,MUCHO ESFUERZO TÚ DEBER META TÚ ALCANZAR
697,YO GUSTAR GALLETA DIFERENTE GAMESA,Me gustan las galletas Gamesa.,YO GUSTAR GALLETA DIFERENTE GAMESA
635,TAIWÁN ISLA,Taiwán es una isla.,TAIWÁN ISLA
450,SEMANA PASADA TUYO CONTROL-DE-VIDEOJUEGO DESCOMPONERSE,Tu control de videojuego se descompuso la semana pasada.,SEMANA PASADA TUYO CONTROL-DE-VIDEOJUEGO DESCOMPONERSE
184,MESA NUEVA YO QUERER,Quiero una mesa nueva.,MESA NUEVA YO QUERER
430,CESÁREA YO NACER YA,Yo nací por cesárea.,CESÁREA YO NACER YA
668,CELAYA MI FAMILIA NOSOTROS-DE-DOS YA IR,MI Mí familia y yo fuimos a Celaya.,CELAYA MI FAMILIA NOSOTROS-DE-DOS YA IR
518,MUJER TENER VÁGINA,Las mujeres tienen vágina.,MUJER TENER VÁGINA
811,CASA AZOTEAarriba YO LIMPIAR YA,Yo limpié la azotea de la casa.,CASA AZOTEAARRIBA YO LIMPIAR YA
682,NUEVO CD YO YA PERDER,Perdí mi nuevo CD.,NUEVO CD YO YA PERDER
486,OTRO LIBRO YO TENER,Tengo otro libro.,OTRO LIBRO YO TENER
259,APAGAR LUZ POR-FAVOR,"Por favor, apaga la luz.",APAGAR LUZ POR-FAVOR
612,PRÓXIMO AÑO YO IR UNIVERSIDAD ESTUDIAR LUGAR SAN DIEGO,Quiero ir a estudiar el próximo año la universidad en San Diego.,PRÓXIMO AÑO YO IR UNIVERSIDAD ESTUDIAR LUGAR SAN DIEGO
510,PONTE-SUDADERA NOSOTROS IR CORRER,Vamos a correr ponte la sudadera.,PONTE-SUDADERA NOSOTROS IR CORRER
685,EFECTIVO NINGÚN YO TRAER,No traigo efectivo.,EFECTIVO NINGÚN YO TRAER
889,dm-ANA SUYO PERRO ABANDONAR YA,Ana abandonó a su perro.,ANA SUYO PERRO ABANDONAR YA
135,CANCÚN HABER CRUCERO,En Cancún hay un crucero.,CANCÚN HABER CRUCERO
200,YO YA VISITAR MURAL dm-DIEGO-RIVERA,Visité el mural de Diego Rivera.,YO YA VISITAR MURAL DIEGO-RIVERA
708,GOBIERNO CUIDAR PERSONA,El gobierno cuida a los ciudadanos.,GOBIERNO CUIDAR PERSONA
965,ESTADOS UNIDOS DIFÍCIL VIVIR,Vivir en Estados Unidos es difícil.,ESTADOS UNIDOS DIFÍCIL VIVIR
146,CASA AMIGO DETRÁS MI CASA,La casa de mi amigo está detrás de la mía.,CASA AMIGO DETRÁS MI CASA
204,TODOS-LUNES ALUMNOS CANTAR HIMNO NACIONAL,Los alumnos cantan el himno nacional los lunes.,TODOS-LUNES ALUMNOS CANTAR HIMNO NACIONAL
972,LLUVIA TUBO ROMPER,Con la lluvia el tubo se rompió.,LLUVIA TUBO ROMPER
182,COMIDA MENOS YO QUERER,Yo quiero menos comida.,COMIDA MENOS YO QUERER
251,NUEVA ALMOHADA YO YA COMPRAR ¡SUERTE!,"Compré una almohada nueva, ¡qué suerte!",NUEVA ALMOHADA YO YA COMPRAR ¡SUERTE!
863,COMERCIAL MEXICANA YO COMPRAR CENA NAVIDAD,Compraré la cena de Navidad en la Comercial Mexicana.,COMERCIAL MEXICANA YO COMPRAR CENA NAVIDAD
751,AYER YO PERDER MI LIGA,Ayer perdí mi liga.,AYER YO PERDER MI LIGA
850,CHINA HABER MUCHAS PERSONAS,En China hay sobrepoblación.,CHINA HABER MUCHAS PERSONAS
217,ODONTOLOGÍA YO PENSAR ESTUDIAR,Pienso estudiar odontología.,ODONTOLOGÍA YO PENSAR ESTUDIAR
494,MESA FIERRO PESADO,La mesa de fierro está muy pesada.,MESA FIERRO PESADO
939,IMPUESTOS PAGAR TUYO OBLIGACIÓN,Es tu obligación pagar impuestos.,IMPUESTOS PAGAR TUYO OBLIGACIÓN
600,RASURADORA YO QUERER COMPRAR,Quiero comprar una rasuradora.,RASURADORA YO QUERER COMPRAR
293,BARCO CAPITÁN él INTELIGENTE,El capitán del barco es muy inteligente.,BARCO CAPITÁN ÉL INTELIGENTE
311,ELLOS PERSONA ENFERMO TU ENFRENTARSE TÚ CONTAGIAR PODER,No te juntes con personas enfermas te pueden contagiar.,ELLOS PERSONA ENFERMO TU ENFRENTARSE TÚ CONTAGIAR PODER
165,NOSOTROS PARA EXAMEN NOSOTROS ESTUDIAR,Estudiamos para el examen.,NOSOTROS PARA EXAMEN NOSOTROS ESTUDIAR
412,SEMANA PASADA YO PEDIR AVENTÓN LUGAR CASETA,La semana pasada pedí un aventón a la caseta.,SEMANA PASADA YO PEDIR AVENTÓN LUGAR CASETA
451,SAPO YA CONVERTIR PERSONA PRÍNCIPE,El sapo se convirtió en príncipe.,SAPO YA CONVERTIR PERSONA PRÍNCIPE
363,DIARIO MI HERMANO AGENDA REVISAR,Mi hermano revisa su agenda diario.,DIARIO MI HERMANO AGENDA REVISAR
502,SEXTO-Primaria MI HIJO YA REPROBAR,Mi hijo reprobó el sexto de primaria.,SEXTO-PRIMARIA MI HIJO YA REPROBAR
924,MI PRIMO UNIVERSIDAD YA INGRESAR,Mi primo ingresó a la universidad.,MI PRIMO UNIVERSIDAD YA INGRESAR
541,IGLESIA CAMPANA GRANDE,En la iglesia hay una campana muy grande.,IGLESIA CAMPANA GRANDE
823,¡CAFÉ CALIENTE!,¡El café está muy caliente!,¡CAFÉ CALIENTE!
361,ADVENTISTA TODOS-SÁBADOS DESCANSAR ELLOS DIOS ADORAR,Los Adventistas descansan los sábados y adoran a Dios.,ADVENTISTA TODOS-SÁBADOS DESCANSAR ELLOS DIOS ADORAR
619,YO ESTUDIAR HASTA SECUNDARIA DESPUES TRABAJAR YO DESEAR,Voy a estudiar hasta secundaria y después quiero trabajar.,YO ESTUDIAR HASTA SECUNDARIA DESPUES TRABAJAR YO DESEAR
547,NEZAHUALCÓYOTL MUCHO CHOLO,En Nezahualcóyotl hay muchos cholos,NEZAHUALCÓYOTL MUCHO CHOLO
43,dm-ROSALÍA TRABAJAR ARCHIVO HOSPITAL,Rosalía trabaja en el archivo del hospital.,ROSALÍA TRABAJAR ARCHIVO HOSPITAL
307,YO TENER TRABAJO YA CONTENTO YO,"Ya tengo trabajo, estoy contento.",YO TENER TRABAJO YA CONTENTO YO
931,DOMINGOS DOMINGOS MI CASA NO-HAY-NADIE,No hay nadie en mi casa los domingos.,DOMINGOS DOMINGOS MI CASA NO-HAY-NADIE
712,ÉL GRAVE,Él está muy grave.,ÉL GRAVE
71,"#VGT, #LSFB AMBOS SU LENGUA-DE-SEÑAS SU PAÍS BÉLGICA",En Bélgica hay dos lenguas de señas: VGT y LSFB.,"#VGT, #LSFB AMBOS SU LENGUA-DE-SEÑAS SU PAÍS BÉLGICA"
631,SUIZA DIFERENTE DIFERENTE IDIOMA HABLAR,En Suiza se hablan diferentes idiomas.,SUIZA DIFERENTE DIFERENTE IDIOMA HABLAR
539,DIARIO PARQUE dm-SALVADOR BOX EJERCER,Salvador entrena box diario en el parque.,DIARIO PARQUE SALVADOR BOX EJERCER
536,AÑO-PASADO DICIEMBRE BOGOTÁ MÍ JEFE VIAJAR,"En diciembre del año pasado, mi jefe viajó a Bogotá.",AÑO-PASADO DICIEMBRE BOGOTÁ MÍ JEFE VIAJAR
256,ESE PROFESOR SIEMPRE AMARGADO ESO ¡FEO!,"Ese profesor siempre está amargado, ¡qué feo!",ESE PROFESOR SIEMPRE AMARGADO ESO ¡FEO!
633,CARNE YO COMPRAR SUPERMERCADO,Yo compro carne en el supermercado.,CARNE YO COMPRAR SUPERMERCADO
795,SIEMPRE YO ACOSTUMBRAR SUBIR-COCHE TAXI,Acostumbro usar taxi siempre.,SIEMPRE YO ACOSTUMBRAR SUBIR-COCHE TAXI
747,ESE LIBRO YO GUSTAR,Ese libro me gusta.,ESE LIBRO YO GUSTAR
446,AYER CINE MI PRIMO YA ÉL CONQUISTAR ELLA MI AMIGO+MUJER,Ayer mi primo conquistó a mi amiga en el cine.,AYER CINE MI PRIMO YA ÉL CONQUISTAR ELLA MI AMIGO+MUJER
117,CARRERA MEDICINA CONCENTRACIÓN A-FUERZA,La medicina es una carrera que exige concentración.,CARRERA MEDICINA CONCENTRACIÓN A-FUERZA
686,HOSPITALacá TODA ENFERMERA AMABLE,Todas las enfermeras del hospital son muy amables.,HOSPITALACÁ TODA ENFERMERA AMABLE
110,YO CLAVADO HÁBIL YO,Soy muy bueno para los clavados.,YO CLAVADO HÁBIL YO
154,MI HERMANO+MUJER YA EMBARAZADA,Mi hermana está embarazada.,MI HERMANO+MUJER YA EMBARAZADA
358,ADÁN PRIMER HOMBRE MUNDO DIOS HACER,Adán es el primer hombre creado por Dios en el mundo.,ADÁN PRIMER HOMBRE MUNDO DIOS HACER
348,ABRIL CUMPLEAÑOS MI TÍO+MUJER NOSOTROS HACER FIESTA,El cumpleaños de mi tía es en abril y le haremos fiesta.,ABRIL CUMPLEAÑOS MI TÍO+MUJER NOSOTROS HACER FIESTA
806,YO YA COMPRAR NUEVA ALMOHADA PARA CAMA,Compré una almohada nueva para la cama.,YO YA COMPRAR NUEVA ALMOHADA PARA CAMA
876,MALTRATO ANIMAL CRIMEN,El maltrato animal es un crimen.,MALTRATO ANIMAL CRIMEN
211,VACACIONES dm-LUIS IR PANAMÁ,Luis fue de vacaciones a Panamá.,VACACIONES LUIS IR PANAMÁ
346,MI HIJO YO ABANDONAR,Yo abandoné a mi hijo.,MI HIJO YO ABANDONAR
913,DESIERTO DIFÍCIL VIVIR,Vivir en el desierto es difícil.,DESIERTO DIFÍCIL VIVIR
312,AYER ESTE CELULAR YO YA COMPRAR PERO CORRIENTE,Compré este celular ayer pero está muy corriente.,AYER ESTE CELULAR YO YA COMPRAR PERO CORRIENTE
702,AÑO-PASADO MI GENERACIÓN GRADUAR,Mi generación se graduó el año pasado.,AÑO-PASADO MI GENERACIÓN GRADUAR
63,YO IR BAÑO,Voy al baño.,YO IR BAÑO
691,ÉL MI EX NOVIO,Él es mi ex novio.,ÉL MI EX NOVIO
898,CINE MI AMIGO ÉL BESAR MÍ YA,Mi amigo me besó en el cine.,CINE MI AMIGO ÉL BESAR MÍ YA
717,¿TÚ GRUPO NÚMERO CUÁL?,¿Cuál es el número de tu grupo?,¿TÚ GRUPO NÚMERO CUÁL?
419,MAÑANA LIVERPOOL HABER DESCUENTO BOLSA-MANO,Mañana habrá descuentos en bolsas de mano en Liverpool.,MAÑANA LIVERPOOL HABER DESCUENTO BOLSA-MANO
399,LUGAR TOKIO SU ASIA,Tokio se ubica en Asia.,LUGAR TOKIO SU ASIA
208,FRASCO DULCES NO-HAY,No hay dulces en el frasco.,FRASCO DULCES NO-HAY
970,TABLE-DANCE MUJER DIFERENTE BAILA MESA,"En el table dance, las mujeres bailan sobre la mesa",TABLE-DANCE MUJER DIFERENTE BAILA MESA
587,MALETA TÚ PODER LLEVAR,Puedes llevar una maleta.,MALETA TÚ PODER LLEVAR
495,NIÑO NIÑO TENER PIOJO,Los niños tienen piojos.,NIÑO NIÑO TENER PIOJO
606,COMIDA FALTA SAL POQUITO,A la comida le faltó un poco de sal.,COMIDA FALTA SAL POQUITO
193,ROPA NUEVA YO COMPRAR YO MODA-DE-ROPA,Compraré ropa nueva. Yo estoy a la moda.,ROPA NUEVA YO COMPRAR YO MODA-DE-ROPA
548,CUATRO CILINDRO MI CARRO USAR,Mi carro usa cuatro cilindros.,CUATRO CILINDRO MI CARRO USAR
152,HOMBRE EGIPCIO NO RESPONDER,El egipcio no respondió.,HOMBRE EGIPCIO NO RESPONDER
905,HOY YO ARROZ COMER,Hoy no comí arroz.,HOY YO ARROZ COMER
14,MI HERMANO ACTIVO,Mi hermano es activo.,MI HERMANO ACTIVO
112,MI TÍO+MUJER DELICIOSO COCINAR,Mi tía cocina delicioso.,MI TÍO+MUJER DELICIOSO COCINAR
53,dm-LUZ BABY-SHOWER MAÑANA,Mañana será el Baby Shower de Luz.,LUZ BABY-SHOWER MAÑANA
42,dm-JUANA SU AMIGO ÁRABE,El amigo de Juana es árabe.,JUANA SU AMIGO ÁRABE
104,MI TÍO TENER CASA CUERNAVACA,Mi tío tiene una casa en Cuernavaca.,MI TÍO TENER CASA CUERNAVACA
928,YO TENER ESCUELA MUCHO AMIGO AMIGO,Tengo muchos amigos en la escuela.,YO TENER ESCUELA MUCHO AMIGO AMIGO
78,AYER YO PASEAR SENTIR BIEN,Ayer fui a pasear y me senti muy bien,AYER YO PASEAR SENTIR BIEN
664,MÍ MAMÁ COMPRAR CALZÓN,Mi mamá me compró un calzón.,MÍ MAMÁ COMPRAR CALZÓN
893,YO DECIR NO-PODER YO DEBER AGUANTAR,"No puedo decirlo, debo aguantarme.",YO DECIR NO-PODER YO DEBER AGUANTAR
335,AYER SU ROPA SUCIA MI HERMANO LAVAR,Ayer mi hermano lavó su ropa sucia.,AYER SU ROPA SUCIA MI HERMANO LAVAR
192,MI JEFE ÉL PAGAR MÍ SUELDO MITAD,Mi jefe me pagó la mitad del sueldo.,MI JEFE ÉL PAGAR MÍ SUELDO MITAD
16,JEHOVÁ YO ADORAR,Adoro a Jehová.,JEHOVÁ YO ADORAR
966,YO NO-FUI COMPUTADORA NO-SIRVE,Yo no fui quien descompuso la computadora.,YO NO-FUI COMPUTADORA NO-SIRVE
567,POLVO YO MUCHO ESTORNUDAR,"Con mucho polvo, yo estornudo mucho.",POLVO YO MUCHO ESTORNUDAR
322,YO SUERTE LOGRAR YO PODER,"Yo tuve suerte, lo pude lograr.",YO SUERTE LOGRAR YO PODER
479,NOCHE MENSAJEAR WHATSAPP TÚ MANDAR MÍ,Me mandas un mensaje de whatsapp en la noche.,NOCHE MENSAJEAR WHATSAPP TÚ MANDAR MÍ
714,TROMBÓN SONIDO GRAVE TENER,El trombón tiene un sonido muy grave.,TROMBÓN SONIDO GRAVE TENER
138,MÉXICO BIBLIOTECA GRANDE,La Biblioteca de México es muy grande.,MÉXICO BIBLIOTECA GRANDE
181,MADRUGADA EXPLOSIÓN YO ESCUCHAR,En la madrugada escuché una explosión.,MADRUGADA EXPLOSIÓN YO ESCUCHAR
329,PULPO YO YA COMER DELICOSO,"Yo comí pulpo, es delicioso.",PULPO YO YA COMER DELICOSO
729,YO YA SABER LEER INGLÉS IDIOMA,Yo sé leer en idioma inglés.,YO YA SABER LEER INGLÉS IDIOMA
578,TÚ HURAÑO TÚ,Eres un huraño con todos.,TÚ HURAÑO TÚ
238,A-VECES YO IR CASA SIEMPRE NO,"No siempre voy a casa, sólo a veces.",A-VECES YO IR CASA SIEMPRE NO
344,COLADERA TÚ A-SALVO CAER,Estuviste a salvo de caer en la coladera.,COLADERA TÚ A-SALVO CAER
822,SU #SEP CALENDARIO AGOSTO TERMINAR,El calendario de la SEP termina en agosto.,SU #SEP CALENDARIO AGOSTO TERMINAR
473,LLANTA COCHE TÚ DEBER CAMBIAR,Debes cambiar la llanta del coche.,LLANTA COCHE TÚ DEBER CAMBIAR
628,dm-ALICIA YA VIAJAR SUDÁFRICA,Alicia viajó a Sudáfrica.,ALICIA YA VIAJAR SUDÁFRICA
83,dm-SANTIAGO MONEDA GUARDAR-BOLSILLO,Santiago guarda en su bolsillo una moneda.,SANTIAGO MONEDA GUARDAR-BOLSILLO
212,MOCHILA ROJA HABER DOS PAÑAL,En la mochila roja hay dos pañales.,MOCHILA ROJA HABER DOS PAÑAL
349,MÍ ABUELO+MUJER 90 EDAD,Mi abuela tiene 90 años.,MÍ ABUELO+MUJER 90 EDAD
855,CINTURÓN-DE-SEGURIDAD MI AUTO NO-HAY,Mi auto no tiene cinturón de seguridad.,CINTURÓN-DE-SEGURIDAD MI AUTO NO-HAY
554,ESE HOMBRE JOVEN BUEN CORREDOR,Ese muchacho es muy buen corredor.,ESE HOMBRE JOVEN BUEN CORREDOR
468,IRÁN BANDERA COLOR VERDE BLANCO ROJO,Los colores de la bandera de Irán son verde blanco y rojo.,IRÁN BANDERA COLOR VERDE BLANCO ROJO
596,#TV PUBLICIDAD HABER MUCHO,En la TV hay mucha publicidad.,#TV PUBLICIDAD HABER MUCHO
570,FRONTERA TIJUANA MÍ TÍO VIVIR,"Mi tío vive en la frontera, en Tijuana.",FRONTERA TIJUANA MÍ TÍO VIVIR
326,dm-AIMÉ SALTAR PARACAIDAS,Aimé saltó en paracaídas.,AIMÉ SALTAR PARACAIDAS
977,dm-EDGAR FUTURO MAESTRO,Edgar será maestro.,EDGAR FUTURO MAESTRO
106,POLICÍA AMBULANCIA PASO ÉL CEDER,El policía cedió el paso a la ambulancia.,POLICÍA AMBULANCIA PASO ÉL CEDER
261,YO QUERER APRENDER MUCHO COSA,Yo quiero aprender muchas cosas.,YO QUERER APRENDER MUCHO COSA
82,SUÉTER BLANCO YO PERDER,Perdí el suéter blanco.,SUÉTER BLANCO YO PERDER
964,TODAVÍA MI TAREA YO NO TERMINAR,No termino mi tarea todavía.,TODAVÍA MI TAREA YO NO TERMINAR
721,GUERRERO ESTADO BONITO,Guerrero es un estado bonito.,GUERRERO ESTADO BONITO
524,CANTAR+MUJER dm-MADONNA ELLOS ADMIRAR ELLA,Ellos admiran a la cantante Madonna.,CANTAR+MUJER MADONNA ELLOS ADMIRAR ELLA
240,YA MUCHO ÉL ABUSAR YO,Él ya abusó mucho de mí.,YA MUCHO ÉL ABUSAR YO
22,AHORA TÚ RECÁMARA TÚ LIMPIAR,Ahora tú limpia tu recámara.,AHORA TÚ RECÁMARA TÚ LIMPIAR
173,DINERO NADA ESO GRATIS,"Eso no cuesta nada, es gratis.",DINERO NADA ESO GRATIS
544,TODOS-SÁBADOS MI AMIGO+MUJER SUYO NOVIO CASINO IR,Mi amiga y su novio van los sábados al casino.,TODOS-SÁBADOS MI AMIGO+MUJER SUYO NOVIO CASINO IR
416,PARQUE ADENTRO AZCAPOTZALCO NOSOTROS IR,Vamos al parque de Azcapotzalco.,PARQUE ADENTRO AZCAPOTZALCO NOSOTROS IR
374,ÁLVARO OBREGÓN YO VIVIR,Yo vivo en la Delegación Álvaro Obregón.,ÁLVARO OBREGÓN YO VIVIR
534,BERLÍN CAPITAL SU ALEMANIA,Berlín es la capital de Alemania.,BERLÍN CAPITAL SU ALEMANIA
797,UNIVERSIDAD GALLAUDET FAMOSA,La Universidad Gallaudet es muy famosa.,UNIVERSIDAD GALLAUDET FAMOSA
0,TARDE ¿POR QUÉ?,¿Por qué llegaste tarde?,TARDE ¿POR QUÉ?
866,CONGRESO NUEVA LEY APROBAR YA,El Congreso aprobó la nueva ley.,CONGRESO NUEVA LEY APROBAR YA
244,TÚ YA DEBER RESPONSABLE TÚ YA ADULTO,"Tú ya debes ser responsable, ya eres un adulto.",TÚ YA DEBER RESPONSABLE TÚ YA ADULTO
760,ESE CARRO NUEVO LUJOSO,Ese carro nuevo es muy lujoso.,ESE CARRO NUEVO LUJOSO
782,MUCHOS POLICÍA HABER MANIFESTACIÓN,Hay muchos policías en la manifestación.,MUCHOS POLICÍA HABER MANIFESTACIÓN
838,PRÓXIMO-DOMINGO MI HERMANO+MUJER CASAR,Mi hermana se casa el próximo domingo.,PRÓXIMO-DOMINGO MI HERMANO+MUJER CASAR
904,PRÓXIMO VACACIONES YO VIAJAR CIUDAD-OBREGÓN,Las próximas vacaciones iré de viaje a Ciudad Obregón.,PRÓXIMO VACACIONES YO VIAJAR CIUDAD-OBREGÓN
589,TÚ MALO NO DEBER,No debes ser malo.,TÚ MALO NO DEBER
648,PAYASO ZAPATO SUYO COLOR AMARILLO,Los zapatos del payaso son amarillos.,PAYASO ZAPATO SUYO COLOR AMARILLO
771,OJALÁ TÚ ÉXITO,Ojalá tengas éxito.,OJALÁ TÚ ÉXITO
540,CAJÓN HOJAS BLANCAS HAY,Hay hojas blancas en el cajón.,CAJÓN HOJAS BLANCAS HAY
755,¿DÓNDE TUYO LOCAL?,¿Dónde está tu local?,¿DÓNDE TUYO LOCAL?
452,MI CRONÓMETRO YA PERDER,Mi cronómetro se perdió.,MI CRONÓMETRO YA PERDER
119,DOMINGO IGLESIA YO IR CONFESAR YO,El domingo me iré a confesar a la iglesia.,DOMINGO IGLESIA YO IR CONFESAR YO
386,dm-TOMÁS APÓSTOL JESÚS,Tomás fue un apóstol de Jesús.,TOMÁS APÓSTOL JESÚS
38,dm-JUAN ASUNTO APARTE,"Con Juan, es un asunto aparte.",JUAN ASUNTO APARTE
77,DIARIO BIBLIA dm-ARTURO LEER,Arturo lee la biblia diariamente.,DIARIO BIBLIA ARTURO LEER
318,TÚ ENOJAR NO POR-FAVOR,"No te enojes, por favor.",TÚ ENOJAR NO POR-FAVOR
615,#TV NOTICIA FEA LUGAR SANTIAGO-DE-CHILE,En la TV vi una noticia fea que pasó en Santiago de Chile.,#TV NOTICIA FEA LUGAR SANTIAGO-DE-CHILE
719,AÑO-PASADO YO VIAJAR GUANAJUATO,El año pasado viajé a Guanajuato.,AÑO-PASADO YO VIAJAR GUANAJUATO
791,MI HERMANO+MUJER SNORKELING ELLA PRACTICAR,Mi hermana practica snorkeling.,MI HERMANO+MUJER SNORKELING ELLA PRACTICAR
756,ESE HOMBRE LOCO PARECER,Ese hombre parece loco.,ESE HOMBRE LOCO PARECER
979,SOPA CALIENTE,La sopa está caliente.,SOPA CALIENTE
4,¿QUÉ-PASO?,¿Qué te pasó?,¿QUÉ-PASO?
937,MÉXICO PAPA Él REGAÑAR OBISPO,El papa regañó a los obispos en México.,MÉXICO PAPA ÉL REGAÑAR OBISPO
281,ESO BONITO SÍ YO GUSTAR,"Eso es muy bonito, sí me gusta.",ESO BONITO SÍ YO GUSTAR
953,MI PAPÁ LLENAR-FORMATO PARA MANEJO LICENCIA TRAMITAR,Mi papá llena el formato para tramitar su licencia de manejo.,MI PAPÁ LLENAR-FORMATO PARA MANEJO LICENCIA TRAMITAR
51,dm-MARIBEL DIPLOMA NIVEL AVANZADO,Maribel cursa el nivel avanzado en el diplomado.,MARIBEL DIPLOMA NIVEL AVANZADO
405,AUSTRALIA DECIR HABER MUCHO CANGURO,Dicen que en Australia hay muchos canguros.,AUSTRALIA DECIR HABER MUCHO CANGURO
15,ANTES ADOLFO-LÓPEZ-MATEOS ÉL PRESIDENTE MÉXICO,Adolfo López Mateos fue presidente de México.,ANTES ADOLFO-LÓPEZ-MATEOS ÉL PRESIDENTE MÉXICO
456,YA TÚ DECIR MÍ NO ELUDIR PREGUNTA,"Ya dime la verdad, no eludas la pregunta.",YA TÚ DECIR MÍ NO ELUDIR PREGUNTA
216,dm-MIGUEL PECHO ÉL DOLER,Miguel tiene dolor en el pecho.,MIGUEL PECHO ÉL DOLER
108,MI ABUELO+MUJER HACER RICO CHOCOLATE,Mi abuela hace un chocolate muy rico.,MI ABUELO+MUJER HACER RICO CHOCOLATE
662,BRASILIA BONITO,Brasilia es bonita.,BRASILIA BONITO
228,dm-JUANA LSM ELLA SABER,Juana sabe LSM.,JUANA LSM ELLA SABER
807,ALMOHADA CÓMODA ALMOHADA PARA DORMIR,La almohada es muy cómoda para dormir.,ALMOHADA CÓMODA ALMOHADA PARA DORMIR
872,MUCHO PERSONA CORÁN ELLOS CREER,Muchas personas creen en el Corán.,MUCHO PERSONA CORÁN ELLOS CREER
250,ESE SUAVE PARECE ALGODÓN,"Eso es muy suave, parece algodón.",ESE SUAVE PARECE ALGODÓN
946,MARATÓN MI PRIMO MEDALLA ORO YA GANAR,Mi primo ganó medalla de oro en el maratón.,MARATÓN MI PRIMO MEDALLA ORO YA GANAR
766,YO AVISAR TI ME-LA-VAS-A-PAGAR ME-LA-VAS-A-PAGAR,"Te aviso, me las vas a pagar.",YO AVISAR TI ME-LA-VAS-A-PAGAR ME-LA-VAS-A-PAGAR
373,ÉL BUENO ALUMNO Él,Él es un buen alumno.,ÉL BUENO ALUMNO ÉL
681,YO NECESITAR DINERO PAGAR GASOLINA,Necesito dinero para poder pagar la gasolina.,YO NECESITAR DINERO PAGAR GASOLINA
218,CAJA PEQUEÑA SU COLOR ROJO,La caja pequeña es de color rojo.,CAJA PEQUEÑA SU COLOR ROJO
674,CORONA-DE-OLIVO ELLOS PONER ÉL,Le pusieron la corona de olivo.,CORONA-DE-OLIVO ELLOS PONER ÉL
711,COMIDA TENER MUCHO GRASA,La comida tiene mucha grasa.,COMIDA TENER MUCHO GRASA
516,PLAYA TORTUGA HABER,Hay una tortuga en la playa.,PLAYA TORTUGA HABER
357,BIBLIA DENTRO ADÁN NOMBRE HABER,En la biblia está el nombre de Adán.,BIBLIA DENTRO ADÁN NOMBRE HABER
636,MI TARJETA-DE-CRÉDITO YO PAGAR,Yo pago con mi tarjeta de crédito.,MI TARJETA-DE-CRÉDITO YO PAGAR
387,¿CÓMO SEÑA dm-APÓSTOLES?,¿Cómo haces la seña de apóstoles?,¿CÓMO SEÑA APÓSTOLES?
891,SU HIJO ÉL ABANDONAR,Él abandonó a su hijo.,SU HIJO ÉL ABANDONAR
377,YO SIEMPRE ORAR YO DECIR AMÉN,Siempre que rezo digo amén.,YO SIEMPRE ORAR YO DECIR AMÉN
579,MI COMPAÑERO DENTRO TRABAJO INSISTIR DESEAR DESEAR FIESTA,Mi compañero de trabajo insiste en hacer una fiesta.,MI COMPAÑERO DENTRO TRABAJO INSISTIR DESEAR DESEAR FIESTA
834,ELLA CARA BONITA,Ella tiene una cara bonita.,ELLA CARA BONITA
148,SIEMPRE ÉL DISTRAÍDO,Él siempre está muy distraído.,SIEMPRE ÉL DISTRAÍDO
231,ESTA SERVILLETA SUCIA,Esta servilleta está sucia.,ESTA SERVILLETA SUCIA
257,ANIMAL DIFERENTES DIFERENTES BONITO VERDAD,Los animales son muy bonitos en verdad.,ANIMAL DIFERENTES DIFERENTES BONITO VERDAD
623,"SEMANA PASADA, YO IR PLAZA UNIVERSIDAD",La semana pasada fui a Plaza Universidad.,"SEMANA PASADA, YO IR PLAZA UNIVERSIDAD"
87,BOSNIA-HERZEGOVINA ESE PAÍS LEJOS,Bosnia y Herzegovina es un país muy lejano.,BOSNIA-HERZEGOVINA ESE PAÍS LEJOS
499,HOY MÍ CELULAR YO YA TENER SALDO,Hoy mi celular ya tiene saldo.,HOY MÍ CELULAR YO YA TENER SALDO
900,ELLA TENER CABELLO-LACÍO,Ella tiene cabello lacio.,ELLA TENER CABELLO-LACÍO
532,AÑO-PASADO UNIVERSIDAD YO TERMINAR,El año pasado terminé la universidad.,AÑO-PASADO UNIVERSIDAD YO TERMINAR
460,ESTONIA FRONTERA RUSIA,Estonia tiene una frontera con Rusia.,ESTONIA FRONTERA RUSIA
565,MERCADO BARATA MUCHA ESCOBA DIFERENTE VENDER,En el mercado venden muchas escobas baratas.,MERCADO BARATA MUCHA ESCOBA DIFERENTE VENDER
920,dm-PABLO FLOJO,Pablo es flojo.,PABLO FLOJO
783,POLICÍA AGENTE NOSOTROS PROTEGER MÍ,La policia judicial nos protege.,POLICÍA AGENTE NOSOTROS PROTEGER MÍ
107,TODO-SÁBADO TODO-SÁBADO CEPAMEX dm-RAÚL ENTRENAR,Raúl entrena los sábados en CEPAMEX.,TODO-SÁBADO TODO-SÁBADO CEPAMEX RAÚL ENTRENAR
694,ÉL EJERCER EJERCER FORTALECER,Él hace mucho ejercicio para fortalecerse.,ÉL EJERCER EJERCER FORTALECER
594,MI MAMÁ COCINA OLLA-EXPRÉS POLLO CALDO SABROSO,Mi mamá cocina en la olla express caldo de pollo sabroso.,MI MAMÁ COCINA OLLA-EXPRÉS POLLO CALDO SABROSO
436,SEMANA PASADA CINTA CANELA YO COMPRAR CENTRO,La semana pasada compré cinta canela en el Centro.,SEMANA PASADA CINTA CANELA YO COMPRAR CENTRO
605,LUGAR FABRICA SABRITAS HAY TRABAJO PARA PERSONAS,En la fábrica de Sabritas buscan personal para trabajar.,LUGAR FABRICA SABRITAS HAY TRABAJO PARA PERSONAS
397,CONSTITUCIÓN TENER MUCHOS ARTÍCULOS,La Constitución tiene muchos artículos.,CONSTITUCIÓN TENER MUCHOS ARTÍCULOS
727,HUNGRÍA ESE PAÍS LEJOS,Hungría es un país que está muy lejos.,HUNGRÍA ESE PAÍS LEJOS
470,YO IR TIENDA COMPRAR JABÓN YA,Fui a comprar jabón a la tienda.,YO IR TIENDA COMPRAR JABÓN YA
319,BANDERA MÉXICO ESCUDO ESE MUCHO BONITO,El escudo de la bandera de México es muy bonito.,BANDERA MÉXICO ESCUDO ESE MUCHO BONITO
225,PRÓXIMO CONFERENCIA LUGAR MONTERREY,La próxima conferencia será en Monterrey.,PRÓXIMO CONFERENCIA LUGAR MONTERREY
233,dm-MARÍA dm-DANIEL AMBOS IR TEATRO,María y Daniel van al teatro.,MARÍA DANIEL AMBOS IR TEATRO
689,MI ABUELO TENER RIFLE VIEJO,Mi abuelo tiene un rifle viejo.,MI ABUELO TENER RIFLE VIEJO
762,ELLA TENER LUNAR BONITO,Ella tiene una lunar bonito.,ELLA TENER LUNAR BONITO
242,AYER ADIÓS TÚ DECIR NADA,Ayer no me dijiste adiós.,AYER ADIÓS TÚ DECIR NADA
693,CUADERNO FEO,El cuaderno es feo.,CUADERNO FEO
744,LEY ROBAR PROHIBIR,La ley prohíbe robar.,LEY ROBAR PROHIBIR
55,dm-MARIANA BAILAR ELLA GUSTAR,A Mariana le gusta bailar.,MARIANA BAILAR ELLA GUSTAR
381,ANTIER PALACIO-DE-LOS-DEPORTES dm-MAGNETO CANTAR AUDITORIO YO IR,Antier fui a un concierto de Magneto en el Palacio de los Deportes.,ANTIER PALACIO-DE-LOS-DEPORTES MAGNETO CANTAR AUDITORIO YO IR
896,PAYASO MUCHO MAQUILLAJE,El payaso usa mucho maquillaje.,PAYASO MUCHO MAQUILLAJE
809,AYER MAMÁ PREPARAR ATOLE,Ayer mi mamá preparó atole.,AYER MAMÁ PREPARAR ATOLE
199,SEMÁFORO LUZ ROJA YO PASAR AHORA MULTA YO DEBER PAGAR,"Me pasé un semáforo, ahora tengo que pagar una multa.",SEMÁFORO LUZ ROJA YO PASAR AHORA MULTA YO DEBER PAGAR
968,MONTAÑA RUSA TÚ COBARDE NO,"Súbete a la montaña rusa, no seas cobarde.",MONTAÑA RUSA TÚ COBARDE NO
919,YO EMOCIONADO NUEVO INGRESAR TRABAJO,Estoy emocionado por ingresar a mi nuevo trabajo.,YO EMOCIONADO NUEVO INGRESAR TRABAJO
974,ANTES dm-MIGUEL NOVIO,Miguel fue mi novio.,ANTES MIGUEL NOVIO
28,dm-SARA MUCHA ALMEJA ADENTRO MAR ELLA ENCONTRAR,Sara encontró muchas almejas en el mar.,SARA MUCHA ALMEJA ADENTRO MAR ELLA ENCONTRAR
963,MI PERRO SUMISO MOLESTAR,"Mi perro es sumiso, no molesta.",MI PERRO SUMISO MOLESTAR
133,FRESAS CON CREMA YO GUSTAR,Me gustan las fresas con crema.,FRESAS CON CREMA YO GUSTAR
378,IGLESIA NOSOTROS-DE-DOS DECIR AMÉN,En la iglesia decimos amén.,IGLESIA NOSOTROS-DE-DOS DECIR AMÉN
505,PERRO MUCHO SED,El perro tiene mucha sed.,PERRO MUCHO SED
101,MI TRABAJO MUCHO CANSAR CANSAR,Mi trabajo es muy cansado.,MI TRABAJO MUCHO CANSAR CANSAR
804,TEMPRANO DESPERTAR CORRER YO DEBER COSTUMBRE,Tengo que acostumbrarme a despertarme a correr temprano.,TEMPRANO DESPERTAR CORRER YO DEBER COSTUMBRE
634,NOSOTROS CAMINAR A SUR PARA AGUA ENCONTRAR,Caminemos hacia el sur para encontrar agua.,NOSOTROS CAMINAR A SUR PARA AGUA ENCONTRAR
575,NOSOTROS ABRIR-HORNO PARA PASTEL,Nosotros abrimos el horno para meter los pasteles.,NOSOTROS ABRIR-HORNO PARA PASTEL
392,MI NOVIO NACER LUGAR ARGENTINA,Mi novio nació en Argentina.,MI NOVIO NACER LUGAR ARGENTINA
918,YO VIAJE FRANCIA YO EMOCIONAR YA,Mi viaje a Francia me emocionó.,YO VIAJE FRANCIA YO EMOCIONAR YA
493,POLICÍA PERSEGUIR JOVEN,El policía persigue a un joven.,POLICÍA PERSEGUIR JOVEN
732,dm-JOSÉ APRENDER IDIOMA ITALIA,José aprende la lengua de Italia.,JOSÉ APRENDER IDIOMA ITALIA
650,¡YO ASUSTAR ALMA DESAPARECER!,¡Del susto se me escapó el alma!,¡YO ASUSTAR ALMA DESAPARECER!
604,PASADO-SÁBADO CARRETERA HABER ACCIDENTE GRAVE,El sábado pasado hubo un grave accidente en la carretera.,PASADO-SÁBADO CARRETERA HABER ACCIDENTE GRAVE
537,COSAS DIFERENTE COMPRAR TIENDA BOLSA-DE-PLÁSTICO METER,Mete en la bolsa las cosas que compraste en la tienda.,COSAS DIFERENTE COMPRAR TIENDA BOLSA-DE-PLÁSTICO METER
506,DOS-DE-NOSOTROS YA SEPARAR,Él y yo ya nos separamos.,DOS-DE-NOSOTROS YA SEPARAR
878,CUBA CALOR,En Cuba hace mucho calor,CUBA CALOR
284,ESA PIEDRA BONITA BRILLO MUCHO,"Esa piedra está muy bonita, brilla mucho.",ESA PIEDRA BONITA BRILLO MUCHO
454,NADA YO NO-QUERER NADA,No quiero nada.,NADA YO NO-QUERER NADA
337,dm-MIGUEL ÉL QUERER NOVIO+MUJER PERO NO-ATREVERSE,"Miguel quiere declarse a su amiga, pero no se atreve.",MIGUEL ÉL QUERER NOVIO+MUJER PERO NO-ATREVERSE
735,CHAPULTEPEC HABER LAGO,En Chapultepec hay un lago.,CHAPULTEPEC HABER LAGO
298,ENTRAR ANIMAL NIÑO VER MONO,El niño ve un mono en el zoológico.,ENTRAR ANIMAL NIÑO VER MONO
334,PELÍCULAS CON SUBTÍTULOS MI NOVIO NOSOTROS-DE-DOS VER,Mi novio y yo vemos películas con subtítulos.,PELÍCULAS CON SUBTÍTULOS MI NOVIO NOSOTROS-DE-DOS VER
31,MAÑANA AMANECER NOSOTROS ENCONTRAR,Nosotros nos encontraremos mañana al amanecer.,MAÑANA AMANECER NOSOTROS ENCONTRAR
640,TÚ BASURA TIRAR,Tira la basura.,TÚ BASURA TIRAR
352,DELEGACIÓN YO YA IR ACTA LEVANTAR,Yo fui a levantar un acta a la delegación.,DELEGACIÓN YO YA IR ACTA LEVANTAR
145,QUIZÁ YO LLEGAR TARDE TRABAJO ELLOS PODER DESPEDIR,"Si llego tarde al trabajo, me pueden despedir.",QUIZÁ YO LLEGAR TARDE TRABAJO ELLOS PODER DESPEDIR
463,HOY CUMPLEAÑOS MÍ,Hoy es mi cumpleaños.,HOY CUMPLEAÑOS MÍ
353,MI AMIGO dm-JULIO TENER ACTA-DEMANDA,Mi amigo Julio tiene un acta de demanda.,MI AMIGO JULIO TENER ACTA-DEMANDA
739,"LENGUA MÁS HABLA CHINA, INGLATERRA, ESPAÑA","Las lenguas más habladas son el chino, el inglés y el español.","LENGUA MÁS HABLA CHINA, INGLATERRA, ESPAÑA"
67,PAVO COMIDA BASICA NAVIDAD,Los pavos son la comida básica en Navidad,PAVO COMIDA BASICA NAVIDAD
947,NOCHE OSCURA,La noche está muy oscura.,NOCHE OSCURA
466,INDIA SÉPTIMO PAÍS MÁS GRANDE MUNDO,La India es el séptimo país más grande del mundo.,INDIA SÉPTIMO PAÍS MÁS GRANDE MUNDO
356,ACTOR dm-TOM CRUICE FAMOSO,Tom Cruice es un actor muy famoso.,ACTOR TOM CRUICE FAMOSO
489,PANADERÍA YO IR,Yo voy a la panadería.,PANADERÍA YO IR
969,SUBURBANO VIAJAR VELOCIDAD,En suburbano se viaja más rápido.,SUBURBANO VIAJAR VELOCIDAD
675,YO JUGAR PARTICIPAR DEPORTIVO-GALEANA,Tengo un partido en el Deportivo Galeana.,YO JUGAR PARTICIPAR DEPORTIVO-GALEANA
245,MAÑANA YO VIAJAR ÁFRICA,Mañana voy a viajar a África.,MAÑANA YO VIAJAR ÁFRICA
909,AYER MI HERMANO PASTEL ÉL DAR MÍ,Mi hermano no me dio pastel ayer.,AYER MI HERMANO PASTEL ÉL DAR MÍ
927,VECINO Él PEDIR MI CARRO MOVER,El vecino me pidió mover mi carro.,VECINO ÉL PEDIR MI CARRO MOVER
368,ALCOHOL YO NO-GUSTAR,A mí no me gusta el alcohol.,ALCOHOL YO NO-GUSTAR
768,DOS-DE-NOSOTROS NOS-VEMOS MAÑANA NOCHE,Nos vemos mañana en la noche.,DOS-DE-NOSOTROS NOS-VEMOS MAÑANA NOCHE
26,TODOS IGLESIA GRITAR ¡ALELUYA!,Todos en la iglesia gritan ¡aleluya!,TODOS IGLESIA GRITAR ¡ALELUYA!
687,CIUDAD-DE-MÉXICO ENORME,La Ciudad de México es enorme.,CIUDAD-DE-MÉXICO ENORME
195,MI AMIGO+MUJER MODELO SU REVISTA,Mi amiga es modelo de una revista.,MI AMIGO+MUJER MODELO SU REVISTA
599,JOVEN HOMBRE DEPORTE RAFTING,El deportista de rafting es joven.,JOVEN HOMBRE DEPORTE RAFTING
125,YO YA CONVENCER MI AMIGO IR FIESTA,Convencí a mi amigo de ir a la fiesta.,YO YA CONVENCER MI AMIGO IR FIESTA
50,ESCUELA CONSTRUCCIÓN YA AVANZADA,La construcción de la escuela ya está avanzada.,ESCUELA CONSTRUCCIÓN YA AVANZADA
65,MAÑANA BARCO YA LLEGAR,El barco llegó en la mañana.,MAÑANA BARCO YA LLEGAR
235,INVIERNO dm-JOSÉ TOS ENFERMAR,José se enfermó de tos en invierno.,INVIERNO JOSÉ TOS ENFERMAR
576,SEMANA PASADA PASTO MÍ PAPÁ HOZ CORTAR,La semana pasada mi papá cortó la hierba con la hoz.,SEMANA PASADA PASTO MÍ PAPÁ HOZ CORTAR
895,SIEMPRE ELLOS DISCUTIR,Ellos siempre discuten.,SIEMPRE ELLOS DISCUTIR
227,PIZZA OCHO ELLOS REBANAR,Ellos rebanaron la pizza en ocho partes.,PIZZA OCHO ELLOS REBANAR
796,MI HERMANO+MUJER NO NACER TEXAS,Mi hermana no nació en Texas.,MI HERMANO+MUJER NO NACER TEXAS
275,YO CONOCER BANGLADESH YA BONITO VERDAD,"Yo conozco Bangladesh, es muy bonito de verdad.",YO CONOCER BANGLADESH YA BONITO VERDAD
769,ESE VESTIDO FEO YO NO-GUSTAR,"Ese vestido es feo, no me gusta.",ESE VESTIDO FEO YO NO-GUSTAR
788,YO IR BANCO DINERO RETIRAR,Voy al banco a retirar dinero.,YO IR BANCO DINERO RETIRAR
857,dm-JUAN GABRIEL NACER CIUDAD JUÁREZ,Juan Gabriel nació en Ciudad Juárez.,JUAN GABRIEL NACER CIUDAD JUÁREZ
513,MI NÚMERO TELÉFONO SUSPENDER YA,Ya suspendieron mi número de teléfono.,MI NÚMERO TELÉFONO SUSPENDER YA
3,¿Y-ESO?,¿Y eso?,¿Y-ESO?
404,TUYO SOBRINO ATRÁS MI ESPOSO,Tu sobrino está atrás de mi esposo.,TUYO SOBRINO ATRÁS MI ESPOSO
710,LUGAR ESCUELA NOSOTROS APRENDER GRAMÁTICA,Nosotros aprendemos gramática en la escuela.,LUGAR ESCUELA NOSOTROS APRENDER GRAMÁTICA
253,"TÚ EMBARAZO, YA LUEGO TÚ AMAMANTAR","Tú estás embarazada, después vas a amamantar.","TÚ EMBARAZO, YA LUEGO TÚ AMAMANTAR"
566,DICIEMBRE MUCHAS PERSONAS ESQUIAR IR,En diciembre muchas personas van a esquiar.,DICIEMBRE MUCHAS PERSONAS ESQUIAR IR
558,SIEMPRE TODO TU ESPOSO DAR-EL-AVIÓN,Tu esposo siempre me da el avión en todo.,SIEMPRE TODO TU ESPOSO DAR-EL-AVIÓN
331,ESE BLANCO GATO RASGUÑAR,Ese gato blanco rasguña.,ESE BLANCO GATO RASGUÑAR
597,HOMBRE GOBERNADOR PUBLICIDAD COLOCAR COLOCAR CALLES,El gobernador colocó mucha publicidad por las calles.,HOMBRE GOBERNADOR PUBLICIDAD COLOCAR COLOCAR CALLES
512,AYER SUÉTER YO COMPRAR,Ayer compré un suéter.,AYER SUÉTER YO COMPRAR
614,ALGUNA PERSONA QUERER DONAR SANGRE PODER VENIR HOSPITAL,Alguna persona que quiera donar sangre puede venir al hospital.,ALGUNA PERSONA QUERER DONAR SANGRE PODER VENIR HOSPITAL
314,ÉL YA COMPRAR #TV CONTADO,Él compró esa televisión de contado.,ÉL YA COMPRAR #TV CONTADO
86,TELÉFONO MI LISTA CONTACTO CONTACTO YO YA BORRAR,Borré los contactos de mi teléfono.,TELÉFONO MI LISTA CONTACTO CONTACTO YO YA BORRAR
944,MI PRIMO ORIZABA VIVIR,Mi primo vive en Orizaba.,MI PRIMO ORIZABA VIVIR
880,AYER MI AUTOMÓVIL YO ENTREGAR-ENGANCHE,Ayer entregué el enganche de mi auto.,AYER MI AUTOMÓVIL YO ENTREGAR-ENGANCHE
379,ALGUNAS PERSONAS ANALFABETO,Algunas personas son analfabetas.,ALGUNAS PERSONAS ANALFABETO
588,MALETA-DE-RUEDAS MEJOR CUERPO NO DOLER,"Usa maleta de ruedas mejor, no lastima el cuerpo.",MALETA-DE-RUEDAS MEJOR CUERPO NO DOLER
573,HOY YO IR ZOOLOGICO YO VER YA GORILA,Hoy fuí al zoológico y vi un gorila.,HOY YO IR ZOOLOGICO YO VER YA GORILA
435,SUEGRO MI PRIMO dm-SAMUEL ÉL CIEGO ÉL,El suegro de mi primo Samuel es ciego.,SUEGRO MI PRIMO SAMUEL ÉL CIEGO ÉL
406,AUSTRÍA SU PAÍS HERMOSO,Austria es un país hermoso.,AUSTRÍA SU PAÍS HERMOSO
488,PAN BOLILLO TÚ COMPRAR,Compra pan bolillo.,PAN BOLILLO TÚ COMPRAR
801,ÉL DESEAR CONQUISTAR ELLA MUJER PERO MIEDO ELLA ABANDONAR,"Él desea conquistar a una mujer, pero tiene miedo de que lo abandonen.",ÉL DESEAR CONQUISTAR ELLA MUJER PERO MIEDO ELLA ABANDONAR
798,VAGINA ADENTRO CUERPO ORIGINAL MUJER,La vagina es un órgano femenino.,VAGINA ADENTRO CUERPO ORIGINAL MUJER
449,YO VIAJAR CONTIGO,Yo no viajo contigo.,YO VIAJAR CONTIGO
122,MI GATO ACARICIAR TRANQUILO,"Yo acaricio a mi gato, él es muy tranquilo.",MI GATO ACARICIAR TRANQUILO
424,CADA NIÑO ESCUELA TENER COMPUTADORA PARA TRABAJAR,En la escuela cada niño tiene una computadora para trabajar.,CADA NIÑO ESCUELA TENER COMPUTADORA PARA TRABAJAR
6,NO ABOFETEAR MI,No me abofetees.,NO ABOFETEAR MI
269,YO ASUSTAR ARAÑAS YO MIEDO,"Me asusto con las arañas, me dan miedo.",YO ASUSTAR ARAÑAS YO MIEDO
839,MI MAMÁ CATÓLICA,Mi mamá es católica.,MI MAMÁ CATÓLICA
610,NECESITAR EJERCICIO EJERCICIO PARA SALUD,Es necesario hacer ejercicio para estar sano.,NECESITAR EJERCICIO EJERCICIO PARA SALUD
916,SIEMPRE MI FAMILIA TELETÓN DONAR DONAR,Mi familia siempre dona a Teletón.,SIEMPRE MI FAMILIA TELETÓN DONAR DONAR
262,YO NO GUSTAR ARAÑA,A mí no me gustan las arañas.,YO NO GUSTAR ARAÑA
213,DISFRAZ HACER. PAPEL,El disfraz está hecho de papel,DISFRAZ HACER. PAPEL
306,YO CONFUNDIR TI TU MAMÁ USTEDES-DEDOS PARECIDOS,Te confundo a ti y a tu mamá porque se parecen.,YO CONFUNDIR TI TU MAMÁ USTEDES-DEDOS PARECIDOS
688,HOMBRE DUEÑO DENTRO ESA FÁBRICA ANTES ÉL ACUSAR ENRIQUECIMIENTO-ILÍCITO,El dueño de esa fábrica fue acusado de enriquecimiento ilícito.,HOMBRE DUEÑO DENTRO ESA FÁBRICA ANTES ÉL ACUSAR ENRIQUECIMIENTO-ILÍCITO
134,HACE-PASADO CRISTÓBAL-COLÓN DESCUBRIR AMÉRICA,Cristóbal Colón descubrió América hace años.,HACE-PASADO CRISTÓBAL-COLÓN DESCUBRIR AMÉRICA
679,SUYO SECRETO YO YA DESCUBRIRSE YA,Ya descubrí su secreto.,SUYO SECRETO YO YA DESCUBRIRSE YA
854,MI PAPÁ CINTURÓN YO REGALAR ÉL,Le regalé un cinturón a mi papá.,MI PAPÁ CINTURÓN YO REGALAR ÉL
61,BANDERA MEXICANA TENER TRES COLORES,La bandera mexicana tiene tres colores.,BANDERA MEXICANA TENER TRES COLORES
80,PERSONAS SORDAS TENER SU DERECHO EDUCACIÓN BILINGÜE,Las personas sordas tienen derecho a una educación bilingüe.,PERSONAS SORDAS TENER SU DERECHO EDUCACIÓN BILINGÜE
490,YO GUSTAR PAPA,Me gustan las papas.,YO GUSTAR PAPA
19,CITA DOCTOR ESCRIBIR ANOTAR-AGENDA,El doctor anota la cita en la agenda.,CITA DOCTOR ESCRIBIR ANOTAR-AGENDA
93,¡BUENA NOCHE TÚ DESCANSAR!,"¡Buenas noches, que descanses!",¡BUENA NOCHE TÚ DESCANSAR!
530,AYER METRO AMETRALLADORA SOLDADO YO VER,Ayer en el metro vi a un soldado con su ametralladora.,AYER METRO AMETRALLADORA SOLDADO YO VER
423,CACAHUATES CON LIMÓN SAL YO ENCANTA COMER,Me encanta comer cacahuates con limón y sal.,CACAHUATES CON LIMÓN SAL YO ENCANTA COMER
784,POLLO YO QUERER COMER,Quiero comer pollo.,POLLO YO QUERER COMER
765,TÚ CUIDAR MUCHO MAÑANA VERNOS,"Cuídate mucho, nos vemos mañana.",TÚ CUIDAR MUCHO MAÑANA VERNOS
849,CHIMENEA TÚ ENCENDERfuego,Enciende la chimenea.,CHIMENEA TÚ ENCENDERFUEGO
846,CHARLES-MICHEL-L´ÉPÉE PADRE SORDO,Charles-Michel de l’Épée es el “Padre de los Sordos”.,CHARLES-MICHEL-L´ÉPÉE PADRE SORDO
265,ESA MÁQUINA FALLA COMPONER NECESITA,"Esa máquina falla mucho, se necesita que la compongan.",ESA MÁQUINA FALLA COMPONER NECESITA
630,TÚ SUERTE OJALÁ,Deseo que tengas mucha suerte.,TÚ SUERTE OJALÁ
7,PERSONA ÉL ABOFETEAR MÍ,Esa persona me abofeteó.,PERSONA ÉL ABOFETEAR MÍ
305,MI COMPUTADORA PRENDER NO YO PREOCUPADO,"Mi computadora no prende, estoy preocupado.",MI COMPUTADORA PRENDER NO YO PREOCUPADO
394,TODO CORREO-ELECTRÓNICO USAR ARROBA,Todos los correos usan arroba.,TODO CORREO-ELECTRÓNICO USAR ARROBA
696,AYER YO YA IR GALERÍA,Ayer fui a la galería.,AYER YO YA IR GALERÍA
136,TIENDA CERCA DOS CUADRAS,La tienda más cercana está a dos cuadras.,TIENDA CERCA DOS CUADRAS
507,MI HERMANO SUYA NOVIO+MUJER SEPARAR YA,Mi hermano terminó con su novia.,MI HERMANO SUYA NOVIO+MUJER SEPARAR YA
69,dm-CÉSAR SU BEBÉ BONITO,El bebé de César es muy bonito.,CÉSAR SU BEBÉ BONITO
538,HOY WAL-MART BOMBA AIRE PARA MI PAPÁ YA YO COMPRAR,Hoy compré en Wal-Mart una bomba de aire para mi papá.,HOY WAL-MART BOMBA AIRE PARA MI PAPÁ YA YO COMPRAR
561,SIEMPRE CUANDO ACABAR BAÑAR YO PONER-DESODORANTE,Cuando me acabo de bañar siempre me pongo desodorante.,SIEMPRE CUANDO ACABAR BAÑAR YO PONER-DESODORANTE
266,YA ELLOS ARRESTAR ÉL,Ellos lo arrestaron.,YA ELLOS ARRESTAR ÉL
60,AYER BANCO dm-ROCÍO DINERO RETIRAR,Rocío retiró dinero ayer en el banco.,AYER BANCO ROCÍO DINERO RETIRAR
370,¿TÚ CREER TODOS ALMA TENER?,¿Crees que todos tenemos alma?,¿TÚ CREER TODOS ALMA TENER?
901,MAÑANA MI TÍO MUDARSE CASA,Mi tío se mudará de casa mañana.,MAÑANA MI TÍO MUDARSE CASA
367,"DIARIO ALABANZA DIOS, NOSOTROS HACER",Todos los días hacemos alabanzas a Dios.,"DIARIO ALABANZA DIOS, NOSOTROS HACER"
799,VILLAHERMOSA MUCHO CALOR,En Villahermosa hace mucho calor.,VILLAHERMOSA MUCHO CALOR
359,ADMINISTRACIÓN DELEGACIÓN ELLOS IR,Ellos fueron a la administración de la delegación.,ADMINISTRACIÓN DELEGACIÓN ELLOS IR
967,YO NO-FUI VIDRIO ROMPER ROMPER,Yo no fui el que rompió el vidrio.,YO NO-FUI VIDRIO ROMPER ROMPER
230,SEÑORA dm-MARÍA TENER COCINA,La señora María tiene una cocina.,SEÑORA MARÍA TENER COCINA
690,YO CREER ESPÍRITU SANTO,Yo creo en el Espíritu Santo.,YO CREER ESPÍRITU SANTO
113,TODO PRODUCTO CÓDIGO-DE-BARRAS ETIQUETA HABER,Todos los productos se etiquetan con un código de barras.,TODO PRODUCTO CÓDIGO-DE-BARRAS ETIQUETA HABER
881,HACE-TIEMPO ENRIQUE-PEÑA-NIETO GOBERNADOR ESTADO-DE-MÉXICO,Enrique Peña Nieto fue gobernador del Estado de México.,HACE-TIEMPO ENRIQUE-PEÑA-NIETO GOBERNADOR ESTADO-DE-MÉXICO
403,COMPETENCIA ATLETISMO MI AMIGO+MUJER YA INSCRIBIRSE,Mi amiga se inscribió en una competencia de atletismo.,COMPETENCIA ATLETISMO MI AMIGO+MUJER YA INSCRIBIRSE
465,ANTES CANCÚN IDA-Y-VENIR,Fui a Cancún de ida y vuelta.,ANTES CANCÚN IDA-Y-VENIR
295,YO DOLOR ESPALDA PORQUE AYER MUEBLE YO CARGAR,Me duele la espalda porque ayer cargué un mueble.,YO DOLOR ESPALDA PORQUE AYER MUEBLE YO CARGAR
365,JUGUETE MI AHIJADO YO REGALAR ÉL YA,Le regalé un juguete a mi ahijado.,JUGUETE MI AHIJADO YO REGALAR ÉL YA
911,TÚ NO PREOCUPAR DEJARLO-ASÍ,"No te preocupes, déjalo así.",TÚ NO PREOCUPAR DEJARLO-ASÍ
803,MAÑANA TRABAJO dm-JUAN YO NOSOTROS-DE-DOS ACOMPAÑAR,Mañana Juan y yo nos acompañaremos al trabajo.,MAÑANA TRABAJO JUAN YO NOSOTROS-DE-DOS ACOMPAÑAR
716,COLOR GRIS YO GUSTAR,Me gusta el color gris.,COLOR GRIS YO GUSTAR
525,TODO AFORTUNADO,Tú eres muy afortunado en todo.,TODO AFORTUNADO
885,NOSOTROS-DE-DOS TERMINAR-COMO-AMIGOS,Terminamos como amigos.,NOSOTROS-DE-DOS TERMINAR-COMO-AMIGOS
340,¡AY! SORPRESA AQUÍ YO VER TI,¡Ay! qué sorpresa verte aquí.,¡AY! SORPRESA AQUÍ YO VER TI
962,CAMPESINO MAÍZ SEMBRAR,El campesino siembra maíz.,CAMPESINO MAÍZ SEMBRAR
84,dm-DAVID SU PAPÁ BOMBERO,El papá de David es bombero.,DAVID SU PAPÁ BOMBERO
676,MAÑANA YO DINERO DEPOSITAR BANCO,Mañana voy a depositar el dinero en el banco.,MAÑANA YO DINERO DEPOSITAR BANCO
400,FILIPINAS SUYO ASIA,Filipinas está en Asia.,FILIPINAS SUYO ASIA
790,TÚ DEBER SEGUIR ESTUDIAR,Debes seguir estudiando.,TÚ DEBER SEGUIR ESTUDIAR
369,DIARIO MI VECINO IR ALCOHÓLICOS-ANÓNIMOS,Mi vecino va diario a Alcohólicos Anónimos.,DIARIO MI VECINO IR ALCOHÓLICOS-ANÓNIMOS
976,HERMANO ÚLTIMO DOCTOR-DIENTES,Mi hermano menor es dentista.,HERMANO ÚLTIMO DOCTOR-DIENTES
836,ANTES PRESIDENTE MÉXICO ¿QUIÉN? CARLOS-SALINAS-DE-GORTARI,¿Quién fue el presidente de México? Carlos Salinas de Gortari.,ANTES PRESIDENTE MÉXICO ¿QUIÉN? CARLOS-SALINAS-DE-GORTARI
304,¿DÓNDE TUYO CÓMPLICE DÓNDE?,¿Dónde está tu cómplice?,¿DÓNDE TUYO CÓMPLICE DÓNDE?
469,ISLANDIA DÓNDE LUGAR EUROPA,Islandia se encuentra en Europa.,ISLANDIA DÓNDE LUGAR EUROPA
62,BANDERA CAER MIENTRAS CEREMONIA,La bandera se cayó durante la ceremonia.,BANDERA CAER MIENTRAS CEREMONIA
453,YO CONOCER ÉL BIEN YA YO VER ÉL CONSTA,"Yo lo conozco bien, me consta.",YO CONOCER ÉL BIEN YA YO VER ÉL CONSTA
899,JABÓN BURBUJAS,El jabón hace burbujas.,JABÓN BURBUJAS
875,CRISTIANA YO CREER FE,Yo creo en la fe cristiana.,CRISTIANA YO CREER FE
652,AMETRALLADORA DIFERENTE YO NO-GUSTAR,A mí no me gustan las ametralladoras.,AMETRALLADORA DIFERENTE YO NO-GUSTAR
18,NOSOTROS IR JUGAR AFUERA,Vamos a jugar afuera.,NOSOTROS IR JUGAR AFUERA
206,ALBERCA YO NADAR,Yo nado en la alberca.,ALBERCA YO NADAR
5,PERRO DEBAJO MESA,El perro está debajo de la mesa.,PERRO DEBAJO MESA
692,METRO LÍNEA NÚMERO 12 FALLO CONSTRUIR ARREGLAR,La línea 12 del metro tuvo un gran fallo estructural.,METRO LÍNEA NÚMERO 12 FALLO CONSTRUIR ARREGLAR
497,HOMBRE MUJERIEGO MUCHO,Hay muchos hombres mujeriegos.,HOMBRE MUJERIEGO MUCHO
519,NOSOTROS FUTBOL JUGAR GANAR ¡VIVA!,"Ganamos el partido de futbol, ¡viva!",NOSOTROS FUTBOL JUGAR GANAR ¡VIVA!
131,JOVEN HOMBRE CORTEJA ELLA SU NOVIO+MUJER,El muchacho corteja a su novia.,JOVEN HOMBRE CORTEJA ELLA SU NOVIO+MUJER
888,¿CUÁNTOS MÉXICO-NACIONAL SORDOS HABER?,¿Cuántos sordos hay en México?,¿CUÁNTOS MÉXICO-NACIONAL SORDOS HABER?
97,MI HERMANO BICICLETA ÉL CAER,Mi hermano se cayó de la bicicleta.,MI HERMANO BICICLETA ÉL CAER
738,LEGISLADOR YA PROPONER NUEVA LEY LSM,El legislador propuso una nueva ley de LSM.,LEGISLADOR YA PROPONER NUEVA LEY LSM
622,VENTANA FILA GOBIERNO TRÁMITE ENTREGAR PAPEL DEBER PONER-SELLO,"Entrega el trámite en la ventanilla de gobierno, deben poner un sello.",VENTANA FILA GOBIERNO TRÁMITE ENTREGAR PAPEL DEBER PONER-SELLO
190,dm-MARÍA LOTERÍA GANAR AHORA MILLONARIA ELLA,"María ganó la lotería, ahora es millonaria.",MARÍA LOTERÍA GANAR AHORA MILLONARIA ELLA
862,MAÑANA COMBI YO IR A MI CASA,Mañana me iré en combi a mi casa.,MAÑANA COMBI YO IR A MI CASA
728,TU INE TÚ DEBER MOSTRAR PARA PERMISO PASAR,Debes mostrar tu INE para poder pasar.,TU INE TÚ DEBER MOSTRAR PARA PERMISO PASAR
273,¿DÓNDE BALÓN DÓNDE?,¿Dónde hay un balón?,¿DÓNDE BALÓN DÓNDE?
472,FÁCIL APRENDER LETRA ABECEDARIO,Es fácil aprender las letras del abecedario.,FÁCIL APRENDER LETRA ABECEDARIO
260,"APENAS, YO VER TI",Apenas te vi (hace poco).,"APENAS, YO VER TI"
557,"AYER dm-JOSEFINA, dm-ALBERTO AMBOS DADOS JUGAR",Josefina y Alberto jugaron dados ayer.,"AYER JOSEFINA, ALBERTO AMBOS DADOS JUGAR"
280,SÍ YO GUSTAR JUGAR BOLICHE,A mí sí me gusta jugar boliche.,SÍ YO GUSTAR JUGAR BOLICHE
168,FRECUENTEMENTE YO IR CINE,Frecuentemente voy al cine.,FRECUENTEMENTE YO IR CINE
282,YO VER BIEN YO BORROSO,"No veo bien, veo borroso.",YO VER BIEN YO BORROSO
906,REFRIGERADOR HABER COMIDA CADUCADA,En el refrigerador hay comida caducada.,REFRIGERADOR HABER COMIDA CADUCADA
853,DECIR CHISME DIRECTOR ESO NO CIERTO,El rumor sobre el director no era cierto.,DECIR CHISME DIRECTOR ESO NO CIERTO
297,ELLA LLORAR PORQUE CEBOLLA PICAR,Ella llora porque pica cebolla.,ELLA LLORAR PORQUE CEBOLLA PICAR
832,UNA-VEZ MAÑANA FIESTA CANTAR,Mañana sólo cantaré una canción en la fiesta,UNA-VEZ MAÑANA FIESTA CANTAR
761,NUESTRA CITA LUGAR TAXQUEÑA,Nuestra cita es en Taxqueña.,NUESTRA CITA LUGAR TAXQUEÑA
617,SECRETARIA ELLA COMPUTADORA CARTA ARCHIVO,La secretaria está capturando la carta.,SECRETARIA ELLA COMPUTADORA CARTA ARCHIVO
139,MI AMIGO dm-RODOLFO DADIVOSO,Mi amigo Rodolfo es muy dadivoso.,MI AMIGO RODOLFO DADIVOSO
643,dm-NOEMÍ YA ULTRASONIDO PARA SABER SUYO BEBE NIÑO NIÑO+MUJER,Noemí se hizo un ultrasonido para saber si su bebé era niño o niña.,NOEMÍ YA ULTRASONIDO PARA SABER SUYO BEBE NIÑO NIÑO+MUJER
355,NOSOTROS TENER MUCHA ACTIVIDAD DIFERENTE ESCUELA,Nosotros tenemos muchas actividades en la escuela.,NOSOTROS TENER MUCHA ACTIVIDAD DIFERENTE ESCUELA
528,ALGUIEN ÉL AYUDAR MÍ,Algunas personas son voluntarias en la Cruz Roja.,ALGUIEN ÉL AYUDAR MÍ
37,MAESTRO ALUMNOS REUNIÓN APARTE,El maestro se reunió aparte con sus alumnos.,MAESTRO ALUMNOS REUNIÓN APARTE
868,AYER CONSTANCIA SECUNDARIA ELLOS DAR MÍ,Ayer me dieron la constancia de la secundaria.,AYER CONSTANCIA SECUNDARIA ELLOS DAR MÍ
671,ESA PERSONA COLMILLO TÚ CUIDAR,"Esa persona es astuta, ten cuidado.",ESA PERSONA COLMILLO TÚ CUIDAR
301,JUGUETE CARRO YO GUSTAR COLECCIONAR,Me gusta coleccionar carros de juguete.,JUGUETE CARRO YO GUSTAR COLECCIONAR
