input_text,target_text,task,split
Yo fui a levantar un acta a la delegación.,DELEGACIÓN YO YA IR ACTA LEVANTAR,spa-mslg,train
Yo abandoné a mi hijo.,MI HIJO YO ABANDONAR,spa-mslg,train
Le regalé un juguete a mi ahijado.,JUGUETE MI AHIJADO YO REGALAR ÉL YA,spa-mslg,train
Hoy compré en Wal-Mart una bomba de aire para mi papá.,HOY WAL-MART BOMBA AIRE PARA MI PAPÁ YA YO COMPRAR,spa-mslg,train
"Esa persona es astuta, ten cuidado.",ESA PERSONA COLMILLO TÚ CUIDAR,spa-mslg,train
La maestra de matemáticas dice muchas bromas.,MAESTRA MATEMÁTICAS MUCHAS BROMAS,spa-mslg,train
"Ganamos el partido de futbol, ¡viva!",NOSOTROS FUTBOL JUGAR GANAR ¡VIVA!,spa-mslg,train
Compré una almohada nueva para la cama.,YO YA COMPRAR NUEVA ALMOHADA PARA CAMA,spa-mslg,train
Vamos a jugar afuera.,NOSOTROS IR JUGAR AFUERA,spa-mslg,train
José se enfermó de tos en invierno.,INVIERNO JOSÉ TOS ENFERMAR,spa-mslg,train
Remar es un ejercicio que ayuda a la salud.,EJERCER-REMAR AYUDA CUERPO SANO,spa-mslg,train
Berlín es la capital de Alemania.,BERLÍN CAPITAL SU ALEMANIA,spa-mslg,train
Maribel cursa el nivel avanzado en el diplomado.,MARIBEL DIPLOMA NIVEL AVANZADO,spa-mslg,train
La policia judicial nos protege.,POLICÍA AGENTE NOSOTROS PROTEGER MÍ,spa-mslg,train
"Te aviso, me las vas a pagar.",YO AVISAR TI ME-LA-VAS-A-PAGAR ME-LA-VAS-A-PAGAR,spa-mslg,train
Debes mostrar tu INE para poder pasar.,TU INE TÚ DEBER MOSTRAR PARA PERMISO PASAR,spa-mslg,train
"Ese vestido es feo, no me gusta.",ESE VESTIDO FEO YO NO-GUSTAR,spa-mslg,train
"Mi computadora no prende, estoy preocupado.",MI COMPUTADORA PRENDER NO YO PREOCUPADO,spa-mslg,train
La almohada es muy cómoda para dormir.,ALMOHADA CÓMODA ALMOHADA PARA DORMIR,spa-mslg,train
El campesino siembra maíz.,CAMPESINO MAÍZ SEMBRAR,spa-mslg,train
Ghana está en África.,ÁFRICA ADENTRO GHANA,spa-mslg,train
El niño ve un mono en el zoológico.,ENTRAR ANIMAL NIÑO VER MONO,spa-mslg,train
Lleva los costales en la carretilla.,CARRETILLA-DE-CARGA COSTALES LLEVAR,spa-mslg,train
"En Canadá están las Cataratas del Niágara, que son hermosas.",CANADÁ CASCADA CATARATAS DEL NIÁGARA BONITA,spa-mslg,train
En la iglesia hay una campana muy grande.,IGLESIA CAMPANA GRANDE,spa-mslg,train
Borré los contactos de mi teléfono.,TELÉFONO MI LISTA CONTACTO CONTACTO YO YA BORRAR,spa-mslg,train
Sara encontró muchas almejas en el mar.,SARA MUCHA ALMEJA ADENTRO MAR ELLA ENCONTRAR,spa-mslg,train
En la TV hay mucha publicidad.,#TV PUBLICIDAD HABER MUCHO,spa-mslg,train
Todas las enfermeras del hospital son muy amables.,HOSPITALACÁ TODA ENFERMERA AMABLE,spa-mslg,train
Nos vemos en el metro chabacano a las 10 de la mañana,10 MAÑANA NOS-VEMOS METRO CHABACANO,spa-mslg,train
Estuviste a salvo de caer en la coladera.,COLADERA TÚ A-SALVO CAER,spa-mslg,train
En Chapultepec vi algunos delfines.,CHAPULTEPEC YO YA VER ALGUNO DELFÍN,spa-mslg,train
El hijo de mi vecino siempre es muy desobediente.,SIEMPRE HIJO MÍ VECINO MUCHO DESOBEDECER,spa-mslg,train
Eres un huraño con todos.,TÚ HURAÑO TÚ,spa-mslg,train
El niño siempre tiene sueño.,SIEMPRE NIÑO SUEÑO,spa-mslg,train
Mi compañero de trabajo insiste en hacer una fiesta.,MI COMPAÑERO DENTRO TRABAJO INSISTIR DESEAR DESEAR FIESTA,spa-mslg,train
La Biblioteca de México es muy grande.,MÉXICO BIBLIOTECA GRANDE,spa-mslg,train
Los alumnos cantan el himno nacional los lunes.,TODOS-LUNES ALUMNOS CANTAR HIMNO NACIONAL,spa-mslg,train
No quiero nada.,NADA YO NO-QUERER NADA,spa-mslg,train
No me abofetees.,NO ABOFETEAR MI,spa-mslg,train
"Tú tienes unos audífonos, ¿me los prestas?","AUDÍFONOS TÚ TENER, ¿PRESTAR? SÍ NO",spa-mslg,train
¿Por qué llegaste tarde?,TARDE ¿POR QUÉ?,spa-mslg,train
Convencí a mi amigo de ir a la fiesta.,YO YA CONVENCER MI AMIGO IR FIESTA,spa-mslg,train
Nosotros abrimos el horno para meter los pasteles.,NOSOTROS ABRIR-HORNO PARA PASTEL,spa-mslg,train
Este juguete está barato.,ESTE JUGUETE BARATO,spa-mslg,train
Voy a estudiar hasta secundaria y después quiero trabajar.,YO ESTUDIAR HASTA SECUNDARIA DESPUES TRABAJAR YO DESEAR,spa-mslg,train
La hija de mi vecina tiene autismo.,MI VECINO+MUJER SU HIJO+MUJER TENER AUTISMO,spa-mslg,train
Mi sobrino es muy alto.,MI SOBRINO ALTO,spa-mslg,train
Yo creo en la fe cristiana.,CRISTIANA YO CREER FE,spa-mslg,train
"¡Buenas noches, que descanses!",¡BUENA NOCHE TÚ DESCANSAR!,spa-mslg,train
Necesito papel para absorber el agua.,YO NECESITAR PAPEL PARA AGUA ABSORBER,spa-mslg,train
Nos vemos mañana en la noche.,DOS-DE-NOSOTROS NOS-VEMOS MAÑANA NOCHE,spa-mslg,train
Mi hermano menor es dentista.,HERMANO ÚLTIMO DOCTOR-DIENTES,spa-mslg,train
Edgar es maestro.,EDGAR MAESTRO,spa-mslg,train
Mi hermano revisa su agenda diario.,DIARIO MI HERMANO AGENDA REVISAR,spa-mslg,train
En el refrigerador hay comida caducada.,REFRIGERADOR HABER COMIDA CADUCADA,spa-mslg,train
Me gustan las fresas con crema.,FRESAS CON CREMA YO GUSTAR,spa-mslg,train
Olvidé mi contraseña.,YO OLVIDAR CONTRASEÑA,spa-mslg,train
El trombón tiene un sonido muy grave.,TROMBÓN SONIDO GRAVE TENER,spa-mslg,train
"Con Juan, es un asunto aparte.",JUAN ASUNTO APARTE,spa-mslg,train
¿Estás seguro de lo que dices?,¿TÚ DECIR ESO SEGURO?,spa-mslg,train
Mi mamá usa crema para la cara.,MI MAMÁ USA CREMA-DE-COSMÉTICO,spa-mslg,train
Debes seguir estudiando.,TÚ DEBER SEGUIR ESTUDIAR,spa-mslg,train
La semana pasada pedí un aventón a la caseta.,SEMANA PASADA YO PEDIR AVENTÓN LUGAR CASETA,spa-mslg,train
Mi papá nos abandonó en México.,YA MÉXICO NACIONAL MÍ PAPÁ DOS-DE-NOSOTROS-ABANDONAR MÍ,spa-mslg,train
El egipcio no respondió.,HOMBRE EGIPCIO NO RESPONDER,spa-mslg,train
El perro está debajo de la mesa.,PERRO DEBAJO MESA,spa-mslg,train
Rosalía trabaja en el archivo del hospital.,ROSALÍA TRABAJAR ARCHIVO HOSPITAL,spa-mslg,train
¡El café está muy caliente!,¡CAFÉ CALIENTE!,spa-mslg,train
"No te enojes, por favor.",TÚ ENOJAR NO POR-FAVOR,spa-mslg,train
"Con mucho polvo, yo estornudo mucho.",POLVO YO MUCHO ESTORNUDAR,spa-mslg,train
Voy al baño.,YO IR BAÑO,spa-mslg,train
"Tú estás embarazada, después vas a amamantar.","TÚ EMBARAZO, YA LUEGO TÚ AMAMANTAR",spa-mslg,train
Frecuentemente voy al cine.,FRECUENTEMENTE YO IR CINE,spa-mslg,train
Alicia viajó a Sudáfrica.,ALICIA YA VIAJAR SUDÁFRICA,spa-mslg,train
Ahora tú limpia tu recámara.,AHORA TÚ RECÁMARA TÚ LIMPIAR,spa-mslg,train
Ellos lo arrestaron.,YA ELLOS ARRESTAR ÉL,spa-mslg,train
Me gusta el color gris.,COLOR GRIS YO GUSTAR,spa-mslg,train
Vivir en el desierto es difícil.,DESIERTO DIFÍCIL VIVIR,spa-mslg,train
Ya suspendieron mi número de teléfono.,MI NÚMERO TELÉFONO SUSPENDER YA,spa-mslg,train
El bloqueador me protege del sol.,BLOQUEAR PROTEGER SOL,spa-mslg,train
No termino mi tarea todavía.,TODAVÍA MI TAREA YO NO TERMINAR,spa-mslg,train
Ayer mi hermano lavó su ropa sucia.,AYER SU ROPA SUCIA MI HERMANO LAVAR,spa-mslg,train
Alguna persona que quiera donar sangre puede venir al hospital.,ALGUNA PERSONA QUERER DONAR SANGRE PODER VENIR HOSPITAL,spa-mslg,train
Me encanta comer cacahuates con limón y sal.,CACAHUATES CON LIMÓN SAL YO ENCANTA COMER,spa-mslg,train
El papa regañó a los obispos en México.,MÉXICO PAPA ÉL REGAÑAR OBISPO,spa-mslg,train
El sapo se convirtió en príncipe.,SAPO YA CONVERTIR PERSONA PRÍNCIPE,spa-mslg,train
El rumor sobre el director no era cierto.,DECIR CHISME DIRECTOR ESO NO CIERTO,spa-mslg,train
Él es mi ex novio.,ÉL MI EX NOVIO,spa-mslg,train
Yo nado en la alberca.,ALBERCA YO NADAR,spa-mslg,train
Puedes llevar una maleta.,MALETA TÚ PODER LLEVAR,spa-mslg,train
Le pusieron la corona de olivo.,CORONA-DE-OLIVO ELLOS PONER ÉL,spa-mslg,train
Los zapatos del payaso son amarillos.,PAYASO ZAPATO SUYO COLOR AMARILLO,spa-mslg,train
Tengo otro libro.,OTRO LIBRO YO TENER,spa-mslg,train
"Súbete a la montaña rusa, no seas cobarde.",MONTAÑA RUSA TÚ COBARDE NO,spa-mslg,train
Ayer fui a pasear y me senti muy bien,AYER YO PASEAR SENTIR BIEN,spa-mslg,train
Mi primo ganó medalla de oro en el maratón.,MARATÓN MI PRIMO MEDALLA ORO YA GANAR,spa-mslg,train
En la TV vi una noticia fea que pasó en Santiago de Chile.,#TV NOTICIA FEA LUGAR SANTIAGO-DE-CHILE,spa-mslg,train
Me gustan las galletas Gamesa.,YO GUSTAR GALLETA DIFERENTE GAMESA,spa-mslg,train
El doctor anota la cita en la agenda.,CITA DOCTOR ESCRIBIR ANOTAR-AGENDA,spa-mslg,train
La semana pasada fui a Plaza Universidad.,"SEMANA PASADA, YO IR PLAZA UNIVERSIDAD",spa-mslg,train
Dicen que en Australia hay muchos canguros.,AUSTRALIA DECIR HABER MUCHO CANGURO,spa-mslg,train
"Ya tengo trabajo, estoy contento.",YO TENER TRABAJO YA CONTENTO YO,spa-mslg,train
Mi mamá cocina en la olla express caldo de pollo sabroso.,MI MAMÁ COCINA OLLA-EXPRÉS POLLO CALDO SABROSO,spa-mslg,train
Ayer mi mamá preparó atole.,AYER MAMÁ PREPARAR ATOLE,spa-mslg,train
El papá de David es bombero.,DAVID SU PAPÁ BOMBERO,spa-mslg,train
La construcción de la escuela ya está avanzada.,ESCUELA CONSTRUCCIÓN YA AVANZADA,spa-mslg,train
Ellos siempre discuten.,SIEMPRE ELLOS DISCUTIR,spa-mslg,train
Juana sabe LSM.,JUANA LSM ELLA SABER,spa-mslg,train
Mi cronómetro se perdió.,MI CRONÓMETRO YA PERDER,spa-mslg,train
Hoy fuí al zoológico y vi un gorila.,HOY YO IR ZOOLOGICO YO VER YA GORILA,spa-mslg,train
Charles-Michel de l’Épée es el “Padre de los Sordos”.,CHARLES-MICHEL-L´ÉPÉE PADRE SORDO,spa-mslg,train
Necesito un cuaderno.,CUADERNO YO NECESITAR,spa-mslg,train
El policía cedió el paso a la ambulancia.,POLICÍA AMBULANCIA PASO ÉL CEDER,spa-mslg,train
Luis fue de vacaciones a Panamá.,VACACIONES LUIS IR PANAMÁ,spa-mslg,train
Juan Gabriel nació en Ciudad Juárez.,JUAN GABRIEL NACER CIUDAD JUÁREZ,spa-mslg,train
Ayer fui a la galería.,AYER YO YA IR GALERÍA,spa-mslg,train
La Constitución tiene muchos artículos.,CONSTITUCIÓN TENER MUCHOS ARTÍCULOS,spa-mslg,train
Hungría es un país que está muy lejos.,HUNGRÍA ESE PAÍS LEJOS,spa-mslg,train
Las barreras de comunicación pueden eliminarse.,BARRERAS COMUNICACIÓN QUITAR PODER,spa-mslg,train
Mi hijo reprobó el sexto de primaria.,SEXTO-PRIMARIA MI HIJO YA REPROBAR,spa-mslg,train
Ella tiene una lunar bonito.,ELLA TENER LUNAR BONITO,spa-mslg,train
Esa persona me abofeteó.,PERSONA ÉL ABOFETEAR MÍ,spa-mslg,train
¿Le pusiste atención a tu maestra?,¿TUYA MAESTRO+MUJER TÚ PONER-ATENCIÓN ELLA?,spa-mslg,train
Mi hermana no nació en Texas.,MI HERMANO+MUJER NO NACER TEXAS,spa-mslg,train
En Villahermosa hace mucho calor.,VILLAHERMOSA MUCHO CALOR,spa-mslg,train
La India es el séptimo país más grande del mundo.,INDIA SÉPTIMO PAÍS MÁS GRANDE MUNDO,spa-mslg,train
Hoy no comí arroz.,HOY YO ARROZ COMER,spa-mslg,train
No hay dulces en el frasco.,FRASCO DULCES NO-HAY,spa-mslg,train
En la madrugada escuché una explosión.,MADRUGADA EXPLOSIÓN YO ESCUCHAR,spa-mslg,train
Mi mamá es católica.,MI MAMÁ CATÓLICA,spa-mslg,train
Debes cambiar la llanta del coche.,LLANTA COCHE TÚ DEBER CAMBIAR,spa-mslg,train
La semana pasada compré cinta canela en el Centro.,SEMANA PASADA CINTA CANELA YO COMPRAR CENTRO,spa-mslg,train
Debes pagarme a fuerza.,A-FUERZA TÚ DEBER TÚ PAGAR MÍ,spa-mslg,train
Algunas personas son analfabetas.,ALGUNAS PERSONAS ANALFABETO,spa-mslg,train
Es tu obligación pagar impuestos.,IMPUESTOS PAGAR TUYO OBLIGACIÓN,spa-mslg,train
Yo limpié la azotea de la casa.,CASA AZOTEAARRIBA YO LIMPIAR YA,spa-mslg,train
Dale el chupón al bebé.,CHUPÓN DEBE DAR BEBÉ,spa-mslg,train
Deseo que tengas mucha suerte.,TÚ SUERTE OJALÁ,spa-mslg,train
"No puedo decirlo, debo aguantarme.",YO DECIR NO-PODER YO DEBER AGUANTAR,spa-mslg,train
Hay muchos hombres mujeriegos.,HOMBRE MUJERIEGO MUCHO,spa-mslg,train
A Mariana le gusta bailar.,MARIANA BAILAR ELLA GUSTAR,spa-mslg,train
Ayer compré un suéter.,AYER SUÉTER YO COMPRAR,spa-mslg,train
Perdí el suéter blanco.,SUÉTER BLANCO YO PERDER,spa-mslg,train
"Yo conozco Bangladesh, es muy bonito de verdad.",YO CONOCER BANGLADESH YA BONITO VERDAD,spa-mslg,train
Él es un buen alumno.,ÉL BUENO ALUMNO ÉL,spa-mslg,train
"Eso es muy suave, parece algodón.",ESE SUAVE PARECE ALGODÓN,spa-mslg,train
Aimé saltó en paracaídas.,AIMÉ SALTAR PARACAIDAS,spa-mslg,train
En Cancún hay un crucero.,CANCÚN HABER CRUCERO,spa-mslg,train
Mi amigo me besó en el cine.,CINE MI AMIGO ÉL BESAR MÍ YA,spa-mslg,train
Mi tío tiene una casa en Cuernavaca.,MI TÍO TENER CASA CUERNAVACA,spa-mslg,train
Hay una tortuga en la playa.,PLAYA TORTUGA HABER,spa-mslg,train
¿Cuál es el número de tu grupo?,¿TÚ GRUPO NÚMERO CUÁL?,spa-mslg,train
Saquen su libro de Matemáticas.,SU LIBRO MATEMÁTICAS USTEDES SACAR,spa-mslg,train
Vivir en Estados Unidos es difícil.,ESTADOS UNIDOS DIFÍCIL VIVIR,spa-mslg,train
El dueño de esa fábrica fue acusado de enriquecimiento ilícito.,HOMBRE DUEÑO DENTRO ESA FÁBRICA ANTES ÉL ACUSAR ENRIQUECIMIENTO-ILÍCITO,spa-mslg,train
Mi abuelo ayuda a la colecta navideña.,ADORNAR NAVIDAD MI ABUELO AYUDAR,spa-mslg,train
Tengo que acostumbrarme a despertarme a correr temprano.,TEMPRANO DESPERTAR CORRER YO DEBER COSTUMBRE,spa-mslg,train
En Suiza se hablan diferentes idiomas.,SUIZA DIFERENTE DIFERENTE IDIOMA HABLAR,spa-mslg,train
Nosotros aprendemos gramática en la escuela.,LUGAR ESCUELA NOSOTROS APRENDER GRAMÁTICA,spa-mslg,train
Yo quiero menos comida.,COMIDA MENOS YO QUERER,spa-mslg,train
Mi generación se graduó el año pasado.,AÑO-PASADO MI GENERACIÓN GRADUAR,spa-mslg,train
Adolfo López Mateos fue presidente de México.,ANTES ADOLFO-LÓPEZ-MATEOS ÉL PRESIDENTE MÉXICO,spa-mslg,train
Hoy mi celular ya tiene saldo.,HOY MÍ CELULAR YO YA TENER SALDO,spa-mslg,train
"Compré una almohada nueva, ¡qué suerte!",NUEVA ALMOHADA YO YA COMPRAR ¡SUERTE!,spa-mslg,train
"Usa maleta de ruedas mejor, no lastima el cuerpo.",MALETA-DE-RUEDAS MEJOR CUERPO NO DOLER,spa-mslg,train
En Bélgica hay dos lenguas de señas: VGT y LSFB.,"#VGT, #LSFB AMBOS SU LENGUA-DE-SEÑAS SU PAÍS BÉLGICA",spa-mslg,train
El calendario de la SEP termina en agosto.,SU #SEP CALENDARIO AGOSTO TERMINAR,spa-mslg,train
Él ya abusó mucho de mí.,YA MUCHO ÉL ABUSAR YO,spa-mslg,train
Muchas personas creen en el Corán.,MUCHO PERSONA CORÁN ELLOS CREER,spa-mslg,train
En la escuela cada niño tiene una computadora para trabajar.,CADA NIÑO ESCUELA TENER COMPUTADORA PARA TRABAJAR,spa-mslg,train
El legislador propuso una nueva ley de LSM.,LEGISLADOR YA PROPONER NUEVA LEY LSM,spa-mslg,train
Austria es un país hermoso.,AUSTRÍA SU PAÍS HERMOSO,spa-mslg,train
Ya descubrí su secreto.,SUYO SECRETO YO YA DESCUBRIRSE YA,spa-mslg,train
Mi familia siempre dona a Teletón.,SIEMPRE MI FAMILIA TELETÓN DONAR DONAR,spa-mslg,train
Mi hermano terminó con su novia.,MI HERMANO SUYA NOVIO+MUJER SEPARAR YA,spa-mslg,train
"En diciembre del año pasado, mi jefe viajó a Bogotá.",AÑO-PASADO DICIEMBRE BOGOTÁ MÍ JEFE VIAJAR,spa-mslg,train
Estoy emocionado por ingresar a mi nuevo trabajo.,YO EMOCIONADO NUEVO INGRESAR TRABAJO,spa-mslg,train
El domingo me iré a confesar a la iglesia.,DOMINGO IGLESIA YO IR CONFESAR YO,spa-mslg,train
Todos los correos usan arroba.,TODO CORREO-ELECTRÓNICO USAR ARROBA,spa-mslg,train
Ojalá tengas éxito.,OJALÁ TÚ ÉXITO,spa-mslg,train
Ese libro me gusta.,ESE LIBRO YO GUSTAR,spa-mslg,train
"Entrega el trámite en la ventanilla de gobierno, deben poner un sello.",VENTANA FILA GOBIERNO TRÁMITE ENTREGAR PAPEL DEBER PONER-SELLO,spa-mslg,train
La próxima conferencia será en Monterrey.,PRÓXIMO CONFERENCIA LUGAR MONTERREY,spa-mslg,train
Nosotros nos encontraremos mañana al amanecer.,MAÑANA AMANECER NOSOTROS ENCONTRAR,spa-mslg,train
Él compró esa televisión de contado.,ÉL YA COMPRAR #TV CONTADO,spa-mslg,train
Mi abuelo tiene un rifle viejo.,MI ABUELO TENER RIFLE VIEJO,spa-mslg,train
Ayer me dieron la constancia de la secundaria.,AYER CONSTANCIA SECUNDARIA ELLOS DAR MÍ,spa-mslg,train
El cuaderno es feo.,CUADERNO FEO,spa-mslg,train
El bebé de César es muy bonito.,CÉSAR SU BEBÉ BONITO,spa-mslg,train
Yo voy a la panadería.,PANADERÍA YO IR,spa-mslg,train
Mi primo ingresó a la universidad.,MI PRIMO UNIVERSIDAD YA INGRESAR,spa-mslg,train
Yo sé leer en idioma inglés.,YO YA SABER LEER INGLÉS IDIOMA,spa-mslg,train
En la iglesia decimos amén.,IGLESIA NOSOTROS-DE-DOS DECIR AMÉN,spa-mslg,train
Tom Cruice es un actor muy famoso.,ACTOR TOM CRUICE FAMOSO,spa-mslg,train
Tira la basura.,TÚ BASURA TIRAR,spa-mslg,train
Apenas te vi (hace poco).,"APENAS, YO VER TI",spa-mslg,train
Ellos rebanaron la pizza en ocho partes.,PIZZA OCHO ELLOS REBANAR,spa-mslg,train
¿Qué te pasó?,¿QUÉ-PASO?,spa-mslg,train
Terminamos como amigos.,NOSOTROS-DE-DOS TERMINAR-COMO-AMIGOS,spa-mslg,train
Tengo muchos amigos en la escuela.,YO TENER ESCUELA MUCHO AMIGO AMIGO,spa-mslg,train
El cumpleaños de mi tía es en abril y le haremos fiesta.,ABRIL CUMPLEAÑOS MI TÍO+MUJER NOSOTROS HACER FIESTA,spa-mslg,train
Yo quiero aprender muchas cosas.,YO QUERER APRENDER MUCHO COSA,spa-mslg,train
¿Cómo haces la seña de apóstoles?,¿CÓMO SEÑA APÓSTOLES?,spa-mslg,train
La sopa está caliente.,SOPA CALIENTE,spa-mslg,train
Los Adventistas descansan los sábados y adoran a Dios.,ADVENTISTA TODOS-SÁBADOS DESCANSAR ELLOS DIOS ADORAR,spa-mslg,train
No hay nadie en mi casa los domingos.,DOMINGOS DOMINGOS MI CASA NO-HAY-NADIE,spa-mslg,train
Todos en la iglesia gritan ¡aleluya!,TODOS IGLESIA GRITAR ¡ALELUYA!,spa-mslg,train
Tomás fue un apóstol de Jesús.,TOMÁS APÓSTOL JESÚS,spa-mslg,train
Le regalé un cinturón a mi papá.,MI PAPÁ CINTURÓN YO REGALAR ÉL,spa-mslg,train
La noche está muy oscura.,NOCHE OSCURA,spa-mslg,train
Yo compro carne en el supermercado.,CARNE YO COMPRAR SUPERMERCADO,spa-mslg,train
María y Daniel van al teatro.,MARÍA DANIEL AMBOS IR TEATRO,spa-mslg,train
"Cuídate mucho, nos vemos mañana.",TÚ CUIDAR MUCHO MAÑANA VERNOS,spa-mslg,train
Estudiamos para el examen.,NOSOTROS PARA EXAMEN NOSOTROS ESTUDIAR,spa-mslg,train
El muchacho corteja a su novia.,JOVEN HOMBRE CORTEJA ELLA SU NOVIO+MUJER,spa-mslg,train
En Chapultepec hay un lago.,CHAPULTEPEC HABER LAGO,spa-mslg,train
Soy muy bueno para los clavados.,YO CLAVADO HÁBIL YO,spa-mslg,train
Voy al banco a retirar dinero.,YO IR BANCO DINERO RETIRAR,spa-mslg,train
Anoche el metro era un caos.,AYER NOCHE METRO CAOS,spa-mslg,train
"Yo lo conozco bien, me consta.",YO CONOCER ÉL BIEN YA YO VER ÉL CONSTA,spa-mslg,train
"¡Rompí el jarrón, perdón, fue un accidente!","¡JARRÓN YO ROMPER, PERDÓN, ACCIDENTE!",spa-mslg,train
El escudo de la bandera de México es muy bonito.,BANDERA MÉXICO ESCUDO ESE MUCHO BONITO,spa-mslg,train
Quiero ir a estudiar el próximo año la universidad en San Diego.,PRÓXIMO AÑO YO IR UNIVERSIDAD ESTUDIAR LUGAR SAN DIEGO,spa-mslg,train
Mi abuela hace un chocolate muy rico.,MI ABUELO+MUJER HACER RICO CHOCOLATE,spa-mslg,train
Santiago guarda en su bolsillo una moneda.,SANTIAGO MONEDA GUARDAR-BOLSILLO,spa-mslg,train
Mi hermano es activo.,MI HERMANO ACTIVO,spa-mslg,train
Tepito es un lugar muy conocido.,TEPITO LUGAR FAMOSO,spa-mslg,train
Mis amigos argentinos estudiaron antropología.,MI AMIGO ARGENTINA ANTROPOLOGÍA ELLOS ESTUDIAR YA,spa-mslg,train
Mi suegro es muy trabajador.,MI SUEGRO TRABAJO TRABAJO,spa-mslg,train
Adoro a Jehová.,JEHOVÁ YO ADORAR,spa-mslg,train
Compré este celular ayer pero está muy corriente.,AYER ESTE CELULAR YO YA COMPRAR PERO CORRIENTE,spa-mslg,train
Te confundo a ti y a tu mamá porque se parecen.,YO CONFUNDIR TI TU MAMÁ USTEDES-DEDOS PARECIDOS,spa-mslg,train
Tengo un partido en el Deportivo Galeana.,YO JUGAR PARTICIPAR DEPORTIVO-GALEANA,spa-mslg,train
¿Dónde está tu local?,¿DÓNDE TUYO LOCAL?,spa-mslg,train
Con la lluvia el tubo se rompió.,LLUVIA TUBO ROMPER,spa-mslg,train
La credencial del INE tiene mi huella.,CREDENCIAL VOTAR HABER MI HUELLA,spa-mslg,train
"Ya dime la verdad, no eludas la pregunta.",YA TÚ DECIR MÍ NO ELUDIR PREGUNTA,spa-mslg,train
Ese gato blanco rasguña.,ESE BLANCO GATO RASGUÑAR,spa-mslg,train
Mi primo vive en Orizaba.,MI PRIMO ORIZABA VIVIR,spa-mslg,train
"Yo comí pulpo, es delicioso.",PULPO YO YA COMER DELICOSO,spa-mslg,train
Es hora de mecer al niño Dios.,AHORITA NIÑO DIOS YA MECER,spa-mslg,train
La vagina es un órgano femenino.,VAGINA ADENTRO CUERPO ORIGINAL MUJER,spa-mslg,train
Vamos al parque de Azcapotzalco.,PARQUE ADENTRO AZCAPOTZALCO NOSOTROS IR,spa-mslg,train
Fui a comprar jabón a la tienda.,YO IR TIENDA COMPRAR JABÓN YA,spa-mslg,train
La comida tiene mucha grasa.,COMIDA TENER MUCHO GRASA,spa-mslg,train
Enciende la chimenea.,CHIMENEA TÚ ENCENDERFUEGO,spa-mslg,train
Isabel tiene una corona de oro.,ISABEL TENER SU CORONA ORO,spa-mslg,train
En la biblia está el nombre de Adán.,BIBLIA DENTRO ADÁN NOMBRE HABER,spa-mslg,train
¡Ay! qué sorpresa verte aquí.,¡AY! SORPRESA AQUÍ YO VER TI,spa-mslg,train
En China hay sobrepoblación.,CHINA HABER MUCHAS PERSONAS,spa-mslg,train
Arturo lee la biblia diariamente.,DIARIO BIBLIA ARTURO LEER,spa-mslg,train
Rocío retiró dinero ayer en el banco.,AYER BANCO ROCÍO DINERO RETIRAR,spa-mslg,train
Ese carro nuevo es muy lujoso.,ESE CARRO NUEVO LUJOSO,spa-mslg,train
Yo no fui quien descompuso la computadora.,YO NO-FUI COMPUTADORA NO-SIRVE,spa-mslg,train
Compraré la cena de Navidad en la Comercial Mexicana.,COMERCIAL MEXICANA YO COMPRAR CENA NAVIDAD,spa-mslg,train
Antier fui a un concierto de Magneto en el Palacio de los Deportes.,ANTIER PALACIO-DE-LOS-DEPORTES MAGNETO CANTAR AUDITORIO YO IR,spa-mslg,train
Mi hermana se casa el próximo domingo.,PRÓXIMO-DOMINGO MI HERMANO+MUJER CASAR,spa-mslg,train
Sofía se aprovechó del apoyo de sus papás.,SOFÍA SU PAPÁ+MAMÁ APROVECHARSE-DE APOYO,spa-mslg,train
Al parecer va a llover en la tarde.,LLOVER TARDE PARECE,spa-mslg,train
Hoy conocí al nuevo sacerdote.,HOY NUEVO SACERDOTE YO YA CONOCER ÉL,spa-mslg,train
Bosnia y Herzegovina es un país muy lejano.,BOSNIA-HERZEGOVINA ESE PAÍS LEJOS,spa-mslg,train
Hoy es mi cumpleaños.,HOY CUMPLEAÑOS MÍ,spa-mslg,train
Guerrero es un estado bonito.,GUERRERO ESTADO BONITO,spa-mslg,train
Tú eres muy afortunado en todo.,TODO AFORTUNADO,spa-mslg,train
Mi primo se peleó conmigo ayer.,AYER MI PRIMO CONMIGO NOSOTROS-DE-DOS PELEAR,spa-mslg,train
"Yo acaricio a mi gato, él es muy tranquilo.",MI GATO ACARICIAR TRANQUILO,spa-mslg,train
Mi hermana practica snorkeling.,MI HERMANO+MUJER SNORKELING ELLA PRACTICAR,spa-mslg,train
Siempre que rezo digo amén.,YO SIEMPRE ORAR YO DECIR AMÉN,spa-mslg,train
Ayer no me dijiste adiós.,AYER ADIÓS TÚ DECIR NADA,spa-mslg,train
El amigo de Juana es árabe.,JUANA SU AMIGO ÁRABE,spa-mslg,train
Cuando me acabo de bañar siempre me pongo desodorante.,SIEMPRE CUANDO ACABAR BAÑAR YO PONER-DESODORANTE,spa-mslg,train
El maltrato animal es un crimen.,MALTRATO ANIMAL CRIMEN,spa-mslg,train
Japón es una isla bonita.,JAPÓN ESE ISLA BONITO,spa-mslg,train
Adán es el primer hombre creado por Dios en el mundo.,ADÁN PRIMER HOMBRE MUNDO DIOS HACER,spa-mslg,train
Acostumbro usar taxi siempre.,SIEMPRE YO ACOSTUMBRAR SUBIR-COCHE TAXI,spa-mslg,train
Mañana sólo cantaré una canción en la fiesta,UNA-VEZ MAÑANA FIESTA CANTAR,spa-mslg,train
El bebé siempre es muy expresivo.,SIEMPRE BEBÉ EXPRESAR EXPRESAR,spa-mslg,train
"Si llego tarde al trabajo, me pueden despedir.",QUIZÁ YO LLEGAR TARDE TRABAJO ELLOS PODER DESPEDIR,spa-mslg,train
A mí no me gustan las ametralladoras.,AMETRALLADORA DIFERENTE YO NO-GUSTAR,spa-mslg,train
Mi tío vive en Guatemala.,MI TÍO GUATEMALA VIVIR,spa-mslg,train
"Mi perro es sumiso, no molesta.",MI PERRO SUMISO MOLESTAR,spa-mslg,train
Debes sacar una copia.,SACAR-COPIA TÚ DEBER,spa-mslg,train
Mi carro usa cuatro cilindros.,CUATRO CILINDRO MI CARRO USAR,spa-mslg,train
Yo compré una Coca Cola ayer.,AYER COCA-COLA YO COMPRAR,spa-mslg,train
"Él desea conquistar a una mujer, pero tiene miedo de que lo abandonen.",ÉL DESEAR CONQUISTAR ELLA MUJER PERO MIEDO ELLA ABANDONAR,spa-mslg,train
La bandera se cayó durante la ceremonia.,BANDERA CAER MIENTRAS CEREMONIA,spa-mslg,train
La bandera mexicana tiene tres colores.,BANDERA MEXICANA TENER TRES COLORES,spa-mslg,train
Las próximas vacaciones iré de viaje a Ciudad Obregón.,PRÓXIMO VACACIONES YO VIAJAR CIUDAD-OBREGÓN,spa-mslg,train
En la fábrica de Sabritas buscan personal para trabajar.,LUGAR FABRICA SABRITAS HAY TRABAJO PARA PERSONAS,spa-mslg,train
Yo no fui el que rompió el vidrio.,YO NO-FUI VIDRIO ROMPER ROMPER,spa-mslg,train
Mi tío se mudará de casa mañana.,MAÑANA MI TÍO MUDARSE CASA,spa-mslg,train
Mañana voy a viajar a África.,MAÑANA YO VIAJAR ÁFRICA,spa-mslg,train
Mi papá llena el formato para tramitar su licencia de manejo.,MI PAPÁ LLENAR-FORMATO PARA MANEJO LICENCIA TRAMITAR,spa-mslg,train
Yo vivo en la Delegación Álvaro Obregón.,ÁLVARO OBREGÓN YO VIVIR,spa-mslg,train
"Tú ya debes ser responsable, ya eres un adulto.",TÚ YA DEBER RESPONSABLE TÚ YA ADULTO,spa-mslg,train
"Me pasé un semáforo, ahora tengo que pagar una multa.",SEMÁFORO LUZ ROJA YO PASAR AHORA MULTA YO DEBER PAGAR,spa-mslg,train
¿Dónde está tu cómplice?,¿DÓNDE TUYO CÓMPLICE DÓNDE?,spa-mslg,train
Necesito dinero para poder pagar la gasolina.,YO NECESITAR DINERO PAGAR GASOLINA,spa-mslg,train
Ella llora porque pica cebolla.,ELLA LLORAR PORQUE CEBOLLA PICAR,spa-mslg,train
Islandia se encuentra en Europa.,ISLANDIA DÓNDE LUGAR EUROPA,spa-mslg,train
El perro tiene mucha sed.,PERRO MUCHO SED,spa-mslg,train
La semana pasada mi papá cortó la hierba con la hoz.,SEMANA PASADA PASTO MÍ PAPÁ HOZ CORTAR,spa-mslg,train
Ella tiene cabello lacio.,ELLA TENER CABELLO-LACÍO,spa-mslg,train
Ellos admiran a la cantante Madonna.,CANTAR+MUJER MADONNA ELLOS ADMIRAR ELLA,spa-mslg,train
Mañana será el Baby Shower de Luz.,LUZ BABY-SHOWER MAÑANA,spa-mslg,train
Tú tienes unos hermosos ojos color café.,TUS OJOS HERMOSOS COLOR CAFÉ,spa-mslg,train
No debes ser malo.,TÚ MALO NO DEBER,spa-mslg,train
Ayer en el metro vi a un soldado con su ametralladora.,AYER METRO AMETRALLADORA SOLDADO YO VER,spa-mslg,train
Ese muchacho es muy buen corredor.,ESE HOMBRE JOVEN BUEN CORREDOR,spa-mslg,train
Mi viaje a Francia me emocionó.,YO VIAJE FRANCIA YO EMOCIONAR YA,spa-mslg,train
Él abandonó a su hijo.,SU HIJO ÉL ABANDONAR,spa-mslg,train
El capitán del barco es muy inteligente.,BARCO CAPITÁN ÉL INTELIGENTE,spa-mslg,train
En la playa encontré muchos cocos.,PLAYA MUCHOS COCOS YO ENCONTRAR YA,spa-mslg,train
A mí no me gustan las arañas.,YO NO GUSTAR ARAÑA,spa-mslg,train
"Estoy feliz, mi hijo ya tiene licencia de conducir.",YO FELIZ MI HIJO LICENCIA-DE-CONDUCIR ÉL YA TENER,spa-mslg,train
Me duele la espalda porque ayer cargué un mueble.,YO DOLOR ESPALDA PORQUE AYER MUEBLE YO CARGAR,spa-mslg,train
Josefina y Alberto jugaron dados ayer.,"AYER JOSEFINA, ALBERTO AMBOS DADOS JUGAR",spa-mslg,train
El senador explica por qué la gasolina está cara.,SENADOR GASOLINA AUMENTAR PORQUÉ ÉL EXPLICAR,spa-mslg,train
Las mujeres tienen vágina.,MUJER TENER VÁGINA,spa-mslg,train
Mi amiga y su novio van los sábados al casino.,TODOS-SÁBADOS MI AMIGO+MUJER SUYO NOVIO CASINO IR,spa-mslg,train
Alondra le prometió a su mamá ser médico.,ALONDRA YA PROMETER SU MAMÁ FUTURO MÉDICO,spa-mslg,train
Él siempre está muy distraído.,SIEMPRE ÉL DISTRAÍDO,spa-mslg,train
El gobernador colocó mucha publicidad por las calles.,HOMBRE GOBERNADOR PUBLICIDAD COLOCAR COLOCAR CALLES,spa-mslg,train
El gobierno cuida a los ciudadanos.,GOBIERNO CUIDAR PERSONA,spa-mslg,train
El vecino me pidió mover mi carro.,VECINO ÉL PEDIR MI CARRO MOVER,spa-mslg,train
Mi hermano se cayó de la bicicleta.,MI HERMANO BICICLETA ÉL CAER,spa-mslg,train
Pinté mi puerta de color azul.,MI PUERTA COLOR AZUL YO YA PINTAR,spa-mslg,train
El deportista de rafting es joven.,JOVEN HOMBRE DEPORTE RAFTING,spa-mslg,train
Esta servilleta está sucia.,ESTA SERVILLETA SUCIA,spa-mslg,train
Miguel tiene dolor en el pecho.,MIGUEL PECHO ÉL DOLER,spa-mslg,train
Yo gané el campeonato.,YO YA GANAR CAMPEONATO,spa-mslg,train
Él y yo ya nos separamos.,DOS-DE-NOSOTROS YA SEPARAR,spa-mslg,train
Ana abandonó a su perro.,ANA SUYO PERRO ABANDONAR YA,spa-mslg,train
Es necesario hacer ejercicio para estar sano.,NECESITAR EJERCICIO EJERCICIO PARA SALUD,spa-mslg,train
Pablo es flojo.,PABLO FLOJO,spa-mslg,train
Mi mamá me compró un calzón.,MÍ MAMÁ COMPRAR CALZÓN,spa-mslg,train
Mi amigo Julio tiene un acta de demanda.,MI AMIGO JULIO TENER ACTA-DEMANDA,spa-mslg,train
Mi amigo Rodolfo es muy dadivoso.,MI AMIGO RODOLFO DADIVOSO,spa-mslg,train
Mi hermana está embarazada.,MI HERMANO+MUJER YA EMBARAZADA,spa-mslg,train
Caminemos hacia el sur para encontrar agua.,NOSOTROS CAMINAR A SUR PARA AGUA ENCONTRAR,spa-mslg,train
Es fácil aprender las letras del abecedario.,FÁCIL APRENDER LETRA ABECEDARIO,spa-mslg,train
"Miguel quiere declarse a su amiga, pero no se atreve.",MIGUEL ÉL QUERER NOVIO+MUJER PERO NO-ATREVERSE,spa-mslg,train
Brasilia es bonita.,BRASILIA BONITO,spa-mslg,train
Nosotros viajaremos el próximo año al Lago de Pátzcuaro.,PRÓXIMO AÑO LUGAR LAGO-DE-PÁTZCUARO NOSOTROS VIAJAR,spa-mslg,train
En diciembre muchas personas van a esquiar.,DICIEMBRE MUCHAS PERSONAS ESQUIAR IR,spa-mslg,train
¿Ya cenaste?,¿TÚ YA CENAR?,spa-mslg,train
¿Quién fue el presidente de México? Carlos Salinas de Gortari.,ANTES PRESIDENTE MÉXICO ¿QUIÉN? CARLOS-SALINAS-DE-GORTARI,spa-mslg,train
Me mandas un mensaje de whatsapp en la noche.,NOCHE MENSAJEAR WHATSAPP TÚ MANDAR MÍ,spa-mslg,train
Mi vecino va diario a Alcohólicos Anónimos.,DIARIO MI VECINO IR ALCOHÓLICOS-ANÓNIMOS,spa-mslg,train
Mi auto no tiene cinturón de seguridad.,CINTURÓN-DE-SEGURIDAD MI AUTO NO-HAY,spa-mslg,train
El maestro se reunió aparte con sus alumnos.,MAESTRO ALUMNOS REUNIÓN APARTE,spa-mslg,train
En la mochila roja hay dos pañales.,MOCHILA ROJA HABER DOS PAÑAL,spa-mslg,train
Mi jefe me pagó la mitad del sueldo.,MI JEFE ÉL PAGAR MÍ SUELDO MITAD,spa-mslg,train
Las vacunas te protegen de las enfermedades.,VACUNAS PROTEGER ENFERMEDAD,spa-mslg,train
¿Puedes contestar mi pregunta?,¿TÚ CONTESTAR MI PREGUNTA PODER?,spa-mslg,train
Mi amiga es modelo de una revista.,MI AMIGO+MUJER MODELO SU REVISTA,spa-mslg,train
"Eso es muy bonito, sí me gusta.",ESO BONITO SÍ YO GUSTAR,spa-mslg,train
La caja pequeña es de color rojo.,CAJA PEQUEÑA SU COLOR ROJO,spa-mslg,train
¿Tú ya conoces Argentina?,¿TÚ YA CONOCER ARGENTINA?,spa-mslg,train
El sábado pasado hubo un grave accidente en la carretera.,PASADO-SÁBADO CARRETERA HABER ACCIDENTE GRAVE,spa-mslg,train
Mi tía cocina delicioso.,MI TÍO+MUJER DELICIOSO COCINAR,spa-mslg,train
Él hace mucho ejercicio para fortalecerse.,ÉL EJERCER EJERCER FORTALECER,spa-mslg,train
Filipinas está en Asia.,FILIPINAS SUYO ASIA,spa-mslg,train
Los colores de la bandera de Irán son verde blanco y rojo.,IRÁN BANDERA COLOR VERDE BLANCO ROJO,spa-mslg,train
"Me asusto con las arañas, me dan miedo.",YO ASUSTAR ARAÑAS YO MIEDO,spa-mslg,train
El payaso usa mucho maquillaje.,PAYASO MUCHO MAQUILLAJE,spa-mslg,train
La tienda más cercana está a dos cuadras.,TIENDA CERCA DOS CUADRAS,spa-mslg,train
La Ciudad de México es enorme.,CIUDAD-DE-MÉXICO ENORME,spa-mslg,train
Yo pago con mi tarjeta de crédito.,MI TARJETA-DE-CRÉDITO YO PAGAR,spa-mslg,train
Mi novio nació en Argentina.,MI NOVIO NACER LUGAR ARGENTINA,spa-mslg,train
Tokio se ubica en Asia.,LUGAR TOKIO SU ASIA,spa-mslg,train
Ayer mi primo conquistó a mi amiga en el cine.,AYER CINE MI PRIMO YA ÉL CONQUISTAR ELLA MI AMIGO+MUJER,spa-mslg,train
"En el table dance, las mujeres bailan sobre la mesa",TABLE-DANCE MUJER DIFERENTE BAILA MESA,spa-mslg,train
¿Y eso?,¿Y-ESO?,spa-mslg,train
Ayer perdí mi liga.,AYER YO PERDER MI LIGA,spa-mslg,train
Ayer entregué el enganche de mi auto.,AYER MI AUTOMÓVIL YO ENTREGAR-ENGANCHE,spa-mslg,train
No traigo efectivo.,EFECTIVO NINGÚN YO TRAER,spa-mslg,train
La línea 12 del metro tuvo un gran fallo estructural.,METRO LÍNEA NÚMERO 12 FALLO CONSTRUIR ARREGLAR,spa-mslg,train
Los pavos son la comida básica en Navidad,PAVO COMIDA BASICA NAVIDAD,spa-mslg,train
Hay muchos policías en la manifestación.,MUCHOS POLICÍA HABER MANIFESTACIÓN,spa-mslg,train
"María ganó la lotería, ahora es millonaria.",MARÍA LOTERÍA GANAR AHORA MILLONARIA ELLA,spa-mslg,train
Él está muy grave.,ÉL GRAVE,spa-mslg,train
Me gusta coleccionar carros de juguete.,JUGUETE CARRO YO GUSTAR COLECCIONAR,spa-mslg,train
Iré a una confirmación el domingo.,DOMINGO YO CONFIRMACIÓN YO IR,spa-mslg,train
Mi abuela tiene 90 años.,MÍ ABUELO+MUJER 90 EDAD,spa-mslg,train
"Diario manejo mi auto, debo ponerle gasolina.",DIARIO YO MANEJAR CARRO YO DEBER PONER-GASOLINA,spa-mslg,train
No te juntes con personas enfermas te pueden contagiar.,ELLOS PERSONA ENFERMO TU ENFRENTARSE TÚ CONTAGIAR PODER,spa-mslg,train
El año pasado terminé la universidad.,AÑO-PASADO UNIVERSIDAD YO TERMINAR,spa-mslg,train
El barco llegó en la mañana.,MAÑANA BARCO YA LLEGAR,spa-mslg,train
Mañana Juan y yo nos acompañaremos al trabajo.,MAÑANA TRABAJO JUAN YO NOSOTROS-DE-DOS ACOMPAÑAR,spa-mslg,train
La mesa de fierro está muy pesada.,MESA FIERRO PESADO,spa-mslg,train
Tu control de videojuego se descompuso la semana pasada.,SEMANA PASADA TUYO CONTROL-DE-VIDEOJUEGO DESCOMPONERSE,spa-mslg,val
A mí sí me gusta jugar boliche.,SÍ YO GUSTAR JUGAR BOLICHE,spa-mslg,val
Fui a Cancún de ida y vuelta.,ANTES CANCÚN IDA-Y-VENIR,spa-mslg,val
El año pasado viajé a Guanajuato.,AÑO-PASADO YO VIAJAR GUANAJUATO,spa-mslg,val
Noemí se hizo un ultrasonido para saber si su bebé era niño o niña.,NOEMÍ YA ULTRASONIDO PARA SABER SUYO BEBE NIÑO NIÑO+MUJER,spa-mslg,val
Miguel fue mi novio.,ANTES MIGUEL NOVIO,spa-mslg,val
Sólo las mujeres tienen clítoris.,ÚNICO MUJER TENER SU CLITORIS,spa-mslg,val
Perdí mi nuevo CD.,NUEVO CD YO YA PERDER,spa-mslg,val
Los peces azules son mis favoritos.,PEZ COLOR AZUL MI FAVORITO,spa-mslg,val
A mí no me gusta el alcohol.,ALCOHOL YO NO-GUSTAR,spa-mslg,val
¿Cuántos sordos hay en México?,¿CUÁNTOS MÉXICO-NACIONAL SORDOS HABER?,spa-mslg,val
Me gustan las papas.,YO GUSTAR PAPA,spa-mslg,val
Compraré ropa nueva. Yo estoy a la moda.,ROPA NUEVA YO COMPRAR YO MODA-DE-ROPA,spa-mslg,val
Los niños tienen piojos.,NIÑO NIÑO TENER PIOJO,spa-mslg,val
Yo creo en el Espíritu Santo.,YO CREER ESPÍRITU SANTO,spa-mslg,val
Visité el mural de Diego Rivera.,YO YA VISITAR MURAL DIEGO-RIVERA,spa-mslg,val
A mi hija le gustan los patos.,MI HIJO+MUJER ELLA GUSTAR PATO MUCHO,spa-mslg,val
Ella tiene una cara bonita.,ELLA CARA BONITA,spa-mslg,val
La señora María tiene una cocina.,SEÑORA MARÍA TENER COCINA,spa-mslg,val
No te he visto desde la última navidad.,NAVIDAD ÚLTIMA DOS-DE-NOSOTROS NO-TE-HE-VISTO,spa-mslg,val
En Cuba hace mucho calor,CUBA CALOR,spa-mslg,val
Cristóbal Colón descubrió América hace años.,HACE-PASADO CRISTÓBAL-COLÓN DESCUBRIR AMÉRICA,spa-mslg,val
"Las lenguas más habladas son el chino, el inglés y el español.","LENGUA MÁS HABLA CHINA, INGLATERRA, ESPAÑA",spa-mslg,val
Nosotros tenemos muchas actividades en la escuela.,NOSOTROS TENER MUCHA ACTIVIDAD DIFERENTE ESCUELA,spa-mslg,val
En Nezahualcóyotl hay muchos cholos,NEZAHUALCÓYOTL MUCHO CHOLO,spa-mslg,val
La casa de mi amigo está detrás de la mía.,CASA AMIGO DETRÁS MI CASA,spa-mslg,val
Mete en la bolsa las cosas que compraste en la tienda.,COSAS DIFERENTE COMPRAR TIENDA BOLSA-DE-PLÁSTICO METER,spa-mslg,val
Raúl entrena los sábados en CEPAMEX.,TODO-SÁBADO TODO-SÁBADO CEPAMEX RAÚL ENTRENAR,spa-mslg,val
Mañana habrá descuentos en bolsas de mano en Liverpool.,MAÑANA LIVERPOOL HABER DESCUENTO BOLSA-MANO,spa-mslg,val
José aprende la lengua de Italia.,JOSÉ APRENDER IDIOMA ITALIA,spa-mslg,val
Compra pan bolillo.,PAN BOLILLO TÚ COMPRAR,spa-mslg,val
Esa antena es muy cara.,ESA ANTENA CARA VERDAD,spa-mslg,val
Yo no viajo contigo.,YO VIAJAR CONTIGO,spa-mslg,val
"Por favor, apaga la luz.",APAGAR LUZ POR-FAVOR,spa-mslg,val
"Yo tuve suerte, lo pude lograr.",YO SUERTE LOGRAR YO PODER,spa-mslg,val
"No siempre voy a casa, sólo a veces.",A-VECES YO IR CASA SIEMPRE NO,spa-mslg,val
"No te preocupes, déjalo así.",TÚ NO PREOCUPAR DEJARLO-ASÍ,spa-mslg,val
Yo no tengo la culpa.,YO TENER-CULPA,spa-mslg,val
Taiwán es una isla.,TAIWÁN ISLA,spa-mslg,val
"Él fue arrestado, qué feo.",YA ÉL ARRESTADO ESO FEO VERDAD,spa-mslg,val
"No veo bien, veo borroso.",YO VER BIEN YO BORROSO,spa-mslg,val
Vamos a correr ponte la sudadera.,PONTE-SUDADERA NOSOTROS IR CORRER,spa-mslg,val
El disfraz está hecho de papel,DISFRAZ HACER. PAPEL,spa-mslg,val
Yo nací por cesárea.,CESÁREA YO NACER YA,spa-mslg,val
Algunas personas son voluntarias en la Cruz Roja.,ALGUIEN ÉL AYUDAR MÍ,spa-mslg,val
Quiero comprar una rasuradora.,RASURADORA YO QUERER COMPRAR,spa-mslg,val
Tu sobrino está atrás de mi esposo.,TUYO SOBRINO ATRÁS MI ESPOSO,spa-mslg,val
"Mi hermana y su amigo siempre están juntos, ahora ella imita su comportamiento.",SIEMPRE MI HERMANO+MUJER SU AMIGO AMBOS AHORA JUNTOS IMITAR SU CARÁCTER,spa-mslg,val
Mi hermanito tiene los dientes chuecos.,MI HERMANO TENER DIENTE DIENTE CHUECO,spa-mslg,val
"Eso es feo, parece vulgar.",ESO FEO PARECE VULGAR,spa-mslg,test
Quiero comer pollo.,POLLO YO QUERER COMER,spa-mslg,test
El suegro de mi primo Samuel es ciego.,SUEGRO MI PRIMO SAMUEL ÉL CIEGO ÉL,spa-mslg,test
Tu esposo siempre me da el avión en todo.,SIEMPRE TODO TU ESPOSO DAR-EL-AVIÓN,spa-mslg,test
La ley prohíbe robar.,LEY ROBAR PROHIBIR,spa-mslg,test
Nuestra cita es en Taxqueña.,NUESTRA CITA LUGAR TAXQUEÑA,spa-mslg,test
Mi hermano no me dio pastel ayer.,AYER MI HERMANO PASTEL ÉL DAR MÍ,spa-mslg,test
"Esa máquina falla mucho, se necesita que la compongan.",ESA MÁQUINA FALLA COMPONER NECESITA,spa-mslg,test
Ayer llegó mi tío de San Francisco.,AYER MI TIO SAN FRANCISCO YA LLEGAR,spa-mslg,test
El jabón hace burbujas.,JABÓN BURBUJAS,spa-mslg,test
"Ese profesor siempre está amargado, ¡qué feo!",ESE PROFESOR SIEMPRE AMARGADO ESO ¡FEO!,spa-mslg,test
MI Mí familia y yo fuimos a Celaya.,CELAYA MI FAMILIA NOSOTROS-DE-DOS YA IR,spa-mslg,test
Mañana voy a depositar el dinero en el banco.,MAÑANA YO DINERO DEPOSITAR BANCO,spa-mslg,test
A la comida le faltó un poco de sal.,COMIDA FALTA SAL POQUITO,spa-mslg,test
Las playas de Baja California Sur son muy limpias.,BAJA-CALIFORNIA-SUR PLAYA DIFERENTES MUCHO LIMPIO,spa-mslg,test
Todos los productos se etiquetan con un código de barras.,TODO PRODUCTO CÓDIGO-DE-BARRAS ETIQUETA HABER,spa-mslg,test
Ellos fueron a la administración de la delegación.,ADMINISTRACIÓN DELEGACIÓN ELLOS IR,spa-mslg,test
Todos los días hacemos alabanzas a Dios.,"DIARIO ALABANZA DIOS, NOSOTROS HACER",spa-mslg,test
La Universidad Gallaudet es muy famosa.,UNIVERSIDAD GALLAUDET FAMOSA,spa-mslg,test
¿Dónde hay un balón?,¿DÓNDE BALÓN DÓNDE?,spa-mslg,test
La secretaria está capturando la carta.,SECRETARIA ELLA COMPUTADORA CARTA ARCHIVO,spa-mslg,test
¿Crees que todos tenemos alma?,¿TÚ CREER TODOS ALMA TENER?,spa-mslg,test
Las personas sordas tienen derecho a una educación bilingüe.,PERSONAS SORDAS TENER SU DERECHO EDUCACIÓN BILINGÜE,spa-mslg,test
Aumentó el sueldo en un 12%.,12% SUELDO YA AUMENTAR,spa-mslg,test
"Mi tío vive en la frontera, en Tijuana.",FRONTERA TIJUANA MÍ TÍO VIVIR,spa-mslg,test
Mi novio y yo vemos películas con subtítulos.,PELÍCULAS CON SUBTÍTULOS MI NOVIO NOSOTROS-DE-DOS VER,spa-mslg,test
Ese hombre parece loco.,ESE HOMBRE LOCO PARECER,spa-mslg,test
El policía persigue a un joven.,POLICÍA PERSEGUIR JOVEN,spa-mslg,test
Salvador entrena box diario en el parque.,DIARIO PARQUE SALVADOR BOX EJERCER,spa-mslg,test
En el mercado venden muchas escobas baratas.,MERCADO BARATA MUCHA ESCOBA DIFERENTE VENDER,spa-mslg,test
"Esa piedra está muy bonita, brilla mucho.",ESA PIEDRA BONITA BRILLO MUCHO,spa-mslg,test
Pienso estudiar odontología.,ODONTOLOGÍA YO PENSAR ESTUDIAR,spa-mslg,test
Estonia tiene una frontera con Rusia.,ESTONIA FRONTERA RUSIA,spa-mslg,test
Enrique Peña Nieto fue gobernador del Estado de México.,HACE-TIEMPO ENRIQUE-PEÑA-NIETO GOBERNADOR ESTADO-DE-MÉXICO,spa-mslg,test
¡Del susto se me escapó el alma!,¡YO ASUSTAR ALMA DESAPARECER!,spa-mslg,test
Edgar será maestro.,EDGAR FUTURO MAESTRO,spa-mslg,test
Mañana me iré en combi a mi casa.,MAÑANA COMBI YO IR A MI CASA,spa-mslg,test
Debes esforzarte mucho para alcanzar tu meta.,MUCHO ESFUERZO TÚ DEBER META TÚ ALCANZAR,spa-mslg,test
Mi amiga se inscribió en una competencia de atletismo.,COMPETENCIA ATLETISMO MI AMIGO+MUJER YA INSCRIBIRSE,spa-mslg,test
En suburbano se viaja más rápido.,SUBURBANO VIAJAR VELOCIDAD,spa-mslg,test
Ese elefante orejón es muy chistoso.,ESE ELEFANTE OREJÓN CHISTOSO,spa-mslg,test
Hay hojas blancas en el cajón.,CAJÓN HOJAS BLANCAS HAY,spa-mslg,test
El windsurf necesita del aire para deslizarse.,WINDSURF NECESITAR VIENTO MAR,spa-mslg,test
Los animales son muy bonitos en verdad.,ANIMAL DIFERENTES DIFERENTES BONITO VERDAD,spa-mslg,test
El Congreso aprobó la nueva ley.,CONGRESO NUEVA LEY APROBAR YA,spa-mslg,test
La medicina es una carrera que exige concentración.,CARRERA MEDICINA CONCENTRACIÓN A-FUERZA,spa-mslg,test
Quiero una mesa nueva.,MESA NUEVA YO QUERER,spa-mslg,test
Mi trabajo es muy cansado.,MI TRABAJO MUCHO CANSAR CANSAR,spa-mslg,test
"Eso no cuesta nada, es gratis.",DINERO NADA ESO GRATIS,spa-mslg,test
DELEGACIÓN YO YA IR ACTA LEVANTAR,Yo fui a levantar un acta a la delegación.,mslg-spa,train
MI HIJO YO ABANDONAR,Yo abandoné a mi hijo.,mslg-spa,train
JUGUETE MI AHIJADO YO REGALAR ÉL YA,Le regalé un juguete a mi ahijado.,mslg-spa,train
HOY WAL-MART BOMBA AIRE PARA MI PAPÁ YA YO COMPRAR,Hoy compré en Wal-Mart una bomba de aire para mi papá.,mslg-spa,train
ESA PERSONA COLMILLO TÚ CUIDAR,"Esa persona es astuta, ten cuidado.",mslg-spa,train
MAESTRA MATEMÁTICAS MUCHAS BROMAS,La maestra de matemáticas dice muchas bromas.,mslg-spa,train
NOSOTROS FUTBOL JUGAR GANAR ¡VIVA!,"Ganamos el partido de futbol, ¡viva!",mslg-spa,train
YO YA COMPRAR NUEVA ALMOHADA PARA CAMA,Compré una almohada nueva para la cama.,mslg-spa,train
NOSOTROS IR JUGAR AFUERA,Vamos a jugar afuera.,mslg-spa,train
INVIERNO JOSÉ TOS ENFERMAR,José se enfermó de tos en invierno.,mslg-spa,train
EJERCER-REMAR AYUDA CUERPO SANO,Remar es un ejercicio que ayuda a la salud.,mslg-spa,train
BERLÍN CAPITAL SU ALEMANIA,Berlín es la capital de Alemania.,mslg-spa,train
MARIBEL DIPLOMA NIVEL AVANZADO,Maribel cursa el nivel avanzado en el diplomado.,mslg-spa,train
POLICÍA AGENTE NOSOTROS PROTEGER MÍ,La policia judicial nos protege.,mslg-spa,train
YO AVISAR TI ME-LA-VAS-A-PAGAR ME-LA-VAS-A-PAGAR,"Te aviso, me las vas a pagar.",mslg-spa,train
TU INE TÚ DEBER MOSTRAR PARA PERMISO PASAR,Debes mostrar tu INE para poder pasar.,mslg-spa,train
ESE VESTIDO FEO YO NO-GUSTAR,"Ese vestido es feo, no me gusta.",mslg-spa,train
MI COMPUTADORA PRENDER NO YO PREOCUPADO,"Mi computadora no prende, estoy preocupado.",mslg-spa,train
ALMOHADA CÓMODA ALMOHADA PARA DORMIR,La almohada es muy cómoda para dormir.,mslg-spa,train
CAMPESINO MAÍZ SEMBRAR,El campesino siembra maíz.,mslg-spa,train
ÁFRICA ADENTRO GHANA,Ghana está en África.,mslg-spa,train
ENTRAR ANIMAL NIÑO VER MONO,El niño ve un mono en el zoológico.,mslg-spa,train
CARRETILLA-DE-CARGA COSTALES LLEVAR,Lleva los costales en la carretilla.,mslg-spa,train
CANADÁ CASCADA CATARATAS DEL NIÁGARA BONITA,"En Canadá están las Cataratas del Niágara, que son hermosas.",mslg-spa,train
IGLESIA CAMPANA GRANDE,En la iglesia hay una campana muy grande.,mslg-spa,train
TELÉFONO MI LISTA CONTACTO CONTACTO YO YA BORRAR,Borré los contactos de mi teléfono.,mslg-spa,train
SARA MUCHA ALMEJA ADENTRO MAR ELLA ENCONTRAR,Sara encontró muchas almejas en el mar.,mslg-spa,train
#TV PUBLICIDAD HABER MUCHO,En la TV hay mucha publicidad.,mslg-spa,train
HOSPITALACÁ TODA ENFERMERA AMABLE,Todas las enfermeras del hospital son muy amables.,mslg-spa,train
10 MAÑANA NOS-VEMOS METRO CHABACANO,Nos vemos en el metro chabacano a las 10 de la mañana,mslg-spa,train
COLADERA TÚ A-SALVO CAER,Estuviste a salvo de caer en la coladera.,mslg-spa,train
CHAPULTEPEC YO YA VER ALGUNO DELFÍN,En Chapultepec vi algunos delfines.,mslg-spa,train
SIEMPRE HIJO MÍ VECINO MUCHO DESOBEDECER,El hijo de mi vecino siempre es muy desobediente.,mslg-spa,train
TÚ HURAÑO TÚ,Eres un huraño con todos.,mslg-spa,train
SIEMPRE NIÑO SUEÑO,El niño siempre tiene sueño.,mslg-spa,train
MI COMPAÑERO DENTRO TRABAJO INSISTIR DESEAR DESEAR FIESTA,Mi compañero de trabajo insiste en hacer una fiesta.,mslg-spa,train
MÉXICO BIBLIOTECA GRANDE,La Biblioteca de México es muy grande.,mslg-spa,train
TODOS-LUNES ALUMNOS CANTAR HIMNO NACIONAL,Los alumnos cantan el himno nacional los lunes.,mslg-spa,train
NADA YO NO-QUERER NADA,No quiero nada.,mslg-spa,train
NO ABOFETEAR MI,No me abofetees.,mslg-spa,train
"AUDÍFONOS TÚ TENER, ¿PRESTAR? SÍ NO","Tú tienes unos audífonos, ¿me los prestas?",mslg-spa,train
TARDE ¿POR QUÉ?,¿Por qué llegaste tarde?,mslg-spa,train
YO YA CONVENCER MI AMIGO IR FIESTA,Convencí a mi amigo de ir a la fiesta.,mslg-spa,train
NOSOTROS ABRIR-HORNO PARA PASTEL,Nosotros abrimos el horno para meter los pasteles.,mslg-spa,train
ESTE JUGUETE BARATO,Este juguete está barato.,mslg-spa,train
YO ESTUDIAR HASTA SECUNDARIA DESPUES TRABAJAR YO DESEAR,Voy a estudiar hasta secundaria y después quiero trabajar.,mslg-spa,train
MI VECINO+MUJER SU HIJO+MUJER TENER AUTISMO,La hija de mi vecina tiene autismo.,mslg-spa,train
MI SOBRINO ALTO,Mi sobrino es muy alto.,mslg-spa,train
CRISTIANA YO CREER FE,Yo creo en la fe cristiana.,mslg-spa,train
¡BUENA NOCHE TÚ DESCANSAR!,"¡Buenas noches, que descanses!",mslg-spa,train
YO NECESITAR PAPEL PARA AGUA ABSORBER,Necesito papel para absorber el agua.,mslg-spa,train
DOS-DE-NOSOTROS NOS-VEMOS MAÑANA NOCHE,Nos vemos mañana en la noche.,mslg-spa,train
HERMANO ÚLTIMO DOCTOR-DIENTES,Mi hermano menor es dentista.,mslg-spa,train
EDGAR MAESTRO,Edgar es maestro.,mslg-spa,train
DIARIO MI HERMANO AGENDA REVISAR,Mi hermano revisa su agenda diario.,mslg-spa,train
REFRIGERADOR HABER COMIDA CADUCADA,En el refrigerador hay comida caducada.,mslg-spa,train
FRESAS CON CREMA YO GUSTAR,Me gustan las fresas con crema.,mslg-spa,train
YO OLVIDAR CONTRASEÑA,Olvidé mi contraseña.,mslg-spa,train
TROMBÓN SONIDO GRAVE TENER,El trombón tiene un sonido muy grave.,mslg-spa,train
JUAN ASUNTO APARTE,"Con Juan, es un asunto aparte.",mslg-spa,train
¿TÚ DECIR ESO SEGURO?,¿Estás seguro de lo que dices?,mslg-spa,train
MI MAMÁ USA CREMA-DE-COSMÉTICO,Mi mamá usa crema para la cara.,mslg-spa,train
TÚ DEBER SEGUIR ESTUDIAR,Debes seguir estudiando.,mslg-spa,train
SEMANA PASADA YO PEDIR AVENTÓN LUGAR CASETA,La semana pasada pedí un aventón a la caseta.,mslg-spa,train
YA MÉXICO NACIONAL MÍ PAPÁ DOS-DE-NOSOTROS-ABANDONAR MÍ,Mi papá nos abandonó en México.,mslg-spa,train
HOMBRE EGIPCIO NO RESPONDER,El egipcio no respondió.,mslg-spa,train
PERRO DEBAJO MESA,El perro está debajo de la mesa.,mslg-spa,train
ROSALÍA TRABAJAR ARCHIVO HOSPITAL,Rosalía trabaja en el archivo del hospital.,mslg-spa,train
¡CAFÉ CALIENTE!,¡El café está muy caliente!,mslg-spa,train
TÚ ENOJAR NO POR-FAVOR,"No te enojes, por favor.",mslg-spa,train
POLVO YO MUCHO ESTORNUDAR,"Con mucho polvo, yo estornudo mucho.",mslg-spa,train
YO IR BAÑO,Voy al baño.,mslg-spa,train
"TÚ EMBARAZO, YA LUEGO TÚ AMAMANTAR","Tú estás embarazada, después vas a amamantar.",mslg-spa,train
FRECUENTEMENTE YO IR CINE,Frecuentemente voy al cine.,mslg-spa,train
ALICIA YA VIAJAR SUDÁFRICA,Alicia viajó a Sudáfrica.,mslg-spa,train
AHORA TÚ RECÁMARA TÚ LIMPIAR,Ahora tú limpia tu recámara.,mslg-spa,train
YA ELLOS ARRESTAR ÉL,Ellos lo arrestaron.,mslg-spa,train
COLOR GRIS YO GUSTAR,Me gusta el color gris.,mslg-spa,train
DESIERTO DIFÍCIL VIVIR,Vivir en el desierto es difícil.,mslg-spa,train
MI NÚMERO TELÉFONO SUSPENDER YA,Ya suspendieron mi número de teléfono.,mslg-spa,train
BLOQUEAR PROTEGER SOL,El bloqueador me protege del sol.,mslg-spa,train
TODAVÍA MI TAREA YO NO TERMINAR,No termino mi tarea todavía.,mslg-spa,train
AYER SU ROPA SUCIA MI HERMANO LAVAR,Ayer mi hermano lavó su ropa sucia.,mslg-spa,train
ALGUNA PERSONA QUERER DONAR SANGRE PODER VENIR HOSPITAL,Alguna persona que quiera donar sangre puede venir al hospital.,mslg-spa,train
CACAHUATES CON LIMÓN SAL YO ENCANTA COMER,Me encanta comer cacahuates con limón y sal.,mslg-spa,train
MÉXICO PAPA ÉL REGAÑAR OBISPO,El papa regañó a los obispos en México.,mslg-spa,train
SAPO YA CONVERTIR PERSONA PRÍNCIPE,El sapo se convirtió en príncipe.,mslg-spa,train
DECIR CHISME DIRECTOR ESO NO CIERTO,El rumor sobre el director no era cierto.,mslg-spa,train
ÉL MI EX NOVIO,Él es mi ex novio.,mslg-spa,train
ALBERCA YO NADAR,Yo nado en la alberca.,mslg-spa,train
MALETA TÚ PODER LLEVAR,Puedes llevar una maleta.,mslg-spa,train
CORONA-DE-OLIVO ELLOS PONER ÉL,Le pusieron la corona de olivo.,mslg-spa,train
PAYASO ZAPATO SUYO COLOR AMARILLO,Los zapatos del payaso son amarillos.,mslg-spa,train
OTRO LIBRO YO TENER,Tengo otro libro.,mslg-spa,train
MONTAÑA RUSA TÚ COBARDE NO,"Súbete a la montaña rusa, no seas cobarde.",mslg-spa,train
AYER YO PASEAR SENTIR BIEN,Ayer fui a pasear y me senti muy bien,mslg-spa,train
MARATÓN MI PRIMO MEDALLA ORO YA GANAR,Mi primo ganó medalla de oro en el maratón.,mslg-spa,train
#TV NOTICIA FEA LUGAR SANTIAGO-DE-CHILE,En la TV vi una noticia fea que pasó en Santiago de Chile.,mslg-spa,train
YO GUSTAR GALLETA DIFERENTE GAMESA,Me gustan las galletas Gamesa.,mslg-spa,train
CITA DOCTOR ESCRIBIR ANOTAR-AGENDA,El doctor anota la cita en la agenda.,mslg-spa,train
"SEMANA PASADA, YO IR PLAZA UNIVERSIDAD",La semana pasada fui a Plaza Universidad.,mslg-spa,train
AUSTRALIA DECIR HABER MUCHO CANGURO,Dicen que en Australia hay muchos canguros.,mslg-spa,train
YO TENER TRABAJO YA CONTENTO YO,"Ya tengo trabajo, estoy contento.",mslg-spa,train
MI MAMÁ COCINA OLLA-EXPRÉS POLLO CALDO SABROSO,Mi mamá cocina en la olla express caldo de pollo sabroso.,mslg-spa,train
AYER MAMÁ PREPARAR ATOLE,Ayer mi mamá preparó atole.,mslg-spa,train
DAVID SU PAPÁ BOMBERO,El papá de David es bombero.,mslg-spa,train
ESCUELA CONSTRUCCIÓN YA AVANZADA,La construcción de la escuela ya está avanzada.,mslg-spa,train
SIEMPRE ELLOS DISCUTIR,Ellos siempre discuten.,mslg-spa,train
JUANA LSM ELLA SABER,Juana sabe LSM.,mslg-spa,train
MI CRONÓMETRO YA PERDER,Mi cronómetro se perdió.,mslg-spa,train
HOY YO IR ZOOLOGICO YO VER YA GORILA,Hoy fuí al zoológico y vi un gorila.,mslg-spa,train
CHARLES-MICHEL-L´ÉPÉE PADRE SORDO,Charles-Michel de l’Épée es el “Padre de los Sordos”.,mslg-spa,train
CUADERNO YO NECESITAR,Necesito un cuaderno.,mslg-spa,train
POLICÍA AMBULANCIA PASO ÉL CEDER,El policía cedió el paso a la ambulancia.,mslg-spa,train
VACACIONES LUIS IR PANAMÁ,Luis fue de vacaciones a Panamá.,mslg-spa,train
JUAN GABRIEL NACER CIUDAD JUÁREZ,Juan Gabriel nació en Ciudad Juárez.,mslg-spa,train
AYER YO YA IR GALERÍA,Ayer fui a la galería.,mslg-spa,train
CONSTITUCIÓN TENER MUCHOS ARTÍCULOS,La Constitución tiene muchos artículos.,mslg-spa,train
HUNGRÍA ESE PAÍS LEJOS,Hungría es un país que está muy lejos.,mslg-spa,train
BARRERAS COMUNICACIÓN QUITAR PODER,Las barreras de comunicación pueden eliminarse.,mslg-spa,train
SEXTO-PRIMARIA MI HIJO YA REPROBAR,Mi hijo reprobó el sexto de primaria.,mslg-spa,train
ELLA TENER LUNAR BONITO,Ella tiene una lunar bonito.,mslg-spa,train
PERSONA ÉL ABOFETEAR MÍ,Esa persona me abofeteó.,mslg-spa,train
¿TUYA MAESTRO+MUJER TÚ PONER-ATENCIÓN ELLA?,¿Le pusiste atención a tu maestra?,mslg-spa,train
MI HERMANO+MUJER NO NACER TEXAS,Mi hermana no nació en Texas.,mslg-spa,train
VILLAHERMOSA MUCHO CALOR,En Villahermosa hace mucho calor.,mslg-spa,train
INDIA SÉPTIMO PAÍS MÁS GRANDE MUNDO,La India es el séptimo país más grande del mundo.,mslg-spa,train
HOY YO ARROZ COMER,Hoy no comí arroz.,mslg-spa,train
FRASCO DULCES NO-HAY,No hay dulces en el frasco.,mslg-spa,train
MADRUGADA EXPLOSIÓN YO ESCUCHAR,En la madrugada escuché una explosión.,mslg-spa,train
MI MAMÁ CATÓLICA,Mi mamá es católica.,mslg-spa,train
LLANTA COCHE TÚ DEBER CAMBIAR,Debes cambiar la llanta del coche.,mslg-spa,train
SEMANA PASADA CINTA CANELA YO COMPRAR CENTRO,La semana pasada compré cinta canela en el Centro.,mslg-spa,train
A-FUERZA TÚ DEBER TÚ PAGAR MÍ,Debes pagarme a fuerza.,mslg-spa,train
ALGUNAS PERSONAS ANALFABETO,Algunas personas son analfabetas.,mslg-spa,train
IMPUESTOS PAGAR TUYO OBLIGACIÓN,Es tu obligación pagar impuestos.,mslg-spa,train
CASA AZOTEAARRIBA YO LIMPIAR YA,Yo limpié la azotea de la casa.,mslg-spa,train
CHUPÓN DEBE DAR BEBÉ,Dale el chupón al bebé.,mslg-spa,train
TÚ SUERTE OJALÁ,Deseo que tengas mucha suerte.,mslg-spa,train
YO DECIR NO-PODER YO DEBER AGUANTAR,"No puedo decirlo, debo aguantarme.",mslg-spa,train
HOMBRE MUJERIEGO MUCHO,Hay muchos hombres mujeriegos.,mslg-spa,train
MARIANA BAILAR ELLA GUSTAR,A Mariana le gusta bailar.,mslg-spa,train
AYER SUÉTER YO COMPRAR,Ayer compré un suéter.,mslg-spa,train
SUÉTER BLANCO YO PERDER,Perdí el suéter blanco.,mslg-spa,train
YO CONOCER BANGLADESH YA BONITO VERDAD,"Yo conozco Bangladesh, es muy bonito de verdad.",mslg-spa,train
ÉL BUENO ALUMNO ÉL,Él es un buen alumno.,mslg-spa,train
ESE SUAVE PARECE ALGODÓN,"Eso es muy suave, parece algodón.",mslg-spa,train
AIMÉ SALTAR PARACAIDAS,Aimé saltó en paracaídas.,mslg-spa,train
CANCÚN HABER CRUCERO,En Cancún hay un crucero.,mslg-spa,train
CINE MI AMIGO ÉL BESAR MÍ YA,Mi amigo me besó en el cine.,mslg-spa,train
MI TÍO TENER CASA CUERNAVACA,Mi tío tiene una casa en Cuernavaca.,mslg-spa,train
PLAYA TORTUGA HABER,Hay una tortuga en la playa.,mslg-spa,train
¿TÚ GRUPO NÚMERO CUÁL?,¿Cuál es el número de tu grupo?,mslg-spa,train
SU LIBRO MATEMÁTICAS USTEDES SACAR,Saquen su libro de Matemáticas.,mslg-spa,train
ESTADOS UNIDOS DIFÍCIL VIVIR,Vivir en Estados Unidos es difícil.,mslg-spa,train
HOMBRE DUEÑO DENTRO ESA FÁBRICA ANTES ÉL ACUSAR ENRIQUECIMIENTO-ILÍCITO,El dueño de esa fábrica fue acusado de enriquecimiento ilícito.,mslg-spa,train
ADORNAR NAVIDAD MI ABUELO AYUDAR,Mi abuelo ayuda a la colecta navideña.,mslg-spa,train
TEMPRANO DESPERTAR CORRER YO DEBER COSTUMBRE,Tengo que acostumbrarme a despertarme a correr temprano.,mslg-spa,train
SUIZA DIFERENTE DIFERENTE IDIOMA HABLAR,En Suiza se hablan diferentes idiomas.,mslg-spa,train
LUGAR ESCUELA NOSOTROS APRENDER GRAMÁTICA,Nosotros aprendemos gramática en la escuela.,mslg-spa,train
COMIDA MENOS YO QUERER,Yo quiero menos comida.,mslg-spa,train
AÑO-PASADO MI GENERACIÓN GRADUAR,Mi generación se graduó el año pasado.,mslg-spa,train
ANTES ADOLFO-LÓPEZ-MATEOS ÉL PRESIDENTE MÉXICO,Adolfo López Mateos fue presidente de México.,mslg-spa,train
HOY MÍ CELULAR YO YA TENER SALDO,Hoy mi celular ya tiene saldo.,mslg-spa,train
NUEVA ALMOHADA YO YA COMPRAR ¡SUERTE!,"Compré una almohada nueva, ¡qué suerte!",mslg-spa,train
MALETA-DE-RUEDAS MEJOR CUERPO NO DOLER,"Usa maleta de ruedas mejor, no lastima el cuerpo.",mslg-spa,train
"#VGT, #LSFB AMBOS SU LENGUA-DE-SEÑAS SU PAÍS BÉLGICA",En Bélgica hay dos lenguas de señas: VGT y LSFB.,mslg-spa,train
SU #SEP CALENDARIO AGOSTO TERMINAR,El calendario de la SEP termina en agosto.,mslg-spa,train
YA MUCHO ÉL ABUSAR YO,Él ya abusó mucho de mí.,mslg-spa,train
MUCHO PERSONA CORÁN ELLOS CREER,Muchas personas creen en el Corán.,mslg-spa,train
CADA NIÑO ESCUELA TENER COMPUTADORA PARA TRABAJAR,En la escuela cada niño tiene una computadora para trabajar.,mslg-spa,train
LEGISLADOR YA PROPONER NUEVA LEY LSM,El legislador propuso una nueva ley de LSM.,mslg-spa,train
AUSTRÍA SU PAÍS HERMOSO,Austria es un país hermoso.,mslg-spa,train
SUYO SECRETO YO YA DESCUBRIRSE YA,Ya descubrí su secreto.,mslg-spa,train
SIEMPRE MI FAMILIA TELETÓN DONAR DONAR,Mi familia siempre dona a Teletón.,mslg-spa,train
MI HERMANO SUYA NOVIO+MUJER SEPARAR YA,Mi hermano terminó con su novia.,mslg-spa,train
AÑO-PASADO DICIEMBRE BOGOTÁ MÍ JEFE VIAJAR,"En diciembre del año pasado, mi jefe viajó a Bogotá.",mslg-spa,train
YO EMOCIONADO NUEVO INGRESAR TRABAJO,Estoy emocionado por ingresar a mi nuevo trabajo.,mslg-spa,train
DOMINGO IGLESIA YO IR CONFESAR YO,El domingo me iré a confesar a la iglesia.,mslg-spa,train
TODO CORREO-ELECTRÓNICO USAR ARROBA,Todos los correos usan arroba.,mslg-spa,train
OJALÁ TÚ ÉXITO,Ojalá tengas éxito.,mslg-spa,train
ESE LIBRO YO GUSTAR,Ese libro me gusta.,mslg-spa,train
VENTANA FILA GOBIERNO TRÁMITE ENTREGAR PAPEL DEBER PONER-SELLO,"Entrega el trámite en la ventanilla de gobierno, deben poner un sello.",mslg-spa,train
PRÓXIMO CONFERENCIA LUGAR MONTERREY,La próxima conferencia será en Monterrey.,mslg-spa,train
MAÑANA AMANECER NOSOTROS ENCONTRAR,Nosotros nos encontraremos mañana al amanecer.,mslg-spa,train
ÉL YA COMPRAR #TV CONTADO,Él compró esa televisión de contado.,mslg-spa,train
MI ABUELO TENER RIFLE VIEJO,Mi abuelo tiene un rifle viejo.,mslg-spa,train
AYER CONSTANCIA SECUNDARIA ELLOS DAR MÍ,Ayer me dieron la constancia de la secundaria.,mslg-spa,train
CUADERNO FEO,El cuaderno es feo.,mslg-spa,train
CÉSAR SU BEBÉ BONITO,El bebé de César es muy bonito.,mslg-spa,train
PANADERÍA YO IR,Yo voy a la panadería.,mslg-spa,train
MI PRIMO UNIVERSIDAD YA INGRESAR,Mi primo ingresó a la universidad.,mslg-spa,train
YO YA SABER LEER INGLÉS IDIOMA,Yo sé leer en idioma inglés.,mslg-spa,train
IGLESIA NOSOTROS-DE-DOS DECIR AMÉN,En la iglesia decimos amén.,mslg-spa,train
ACTOR TOM CRUICE FAMOSO,Tom Cruice es un actor muy famoso.,mslg-spa,train
TÚ BASURA TIRAR,Tira la basura.,mslg-spa,train
"APENAS, YO VER TI",Apenas te vi (hace poco).,mslg-spa,train
PIZZA OCHO ELLOS REBANAR,Ellos rebanaron la pizza en ocho partes.,mslg-spa,train
¿QUÉ-PASO?,¿Qué te pasó?,mslg-spa,train
NOSOTROS-DE-DOS TERMINAR-COMO-AMIGOS,Terminamos como amigos.,mslg-spa,train
YO TENER ESCUELA MUCHO AMIGO AMIGO,Tengo muchos amigos en la escuela.,mslg-spa,train
ABRIL CUMPLEAÑOS MI TÍO+MUJER NOSOTROS HACER FIESTA,El cumpleaños de mi tía es en abril y le haremos fiesta.,mslg-spa,train
YO QUERER APRENDER MUCHO COSA,Yo quiero aprender muchas cosas.,mslg-spa,train
¿CÓMO SEÑA APÓSTOLES?,¿Cómo haces la seña de apóstoles?,mslg-spa,train
SOPA CALIENTE,La sopa está caliente.,mslg-spa,train
ADVENTISTA TODOS-SÁBADOS DESCANSAR ELLOS DIOS ADORAR,Los Adventistas descansan los sábados y adoran a Dios.,mslg-spa,train
DOMINGOS DOMINGOS MI CASA NO-HAY-NADIE,No hay nadie en mi casa los domingos.,mslg-spa,train
TODOS IGLESIA GRITAR ¡ALELUYA!,Todos en la iglesia gritan ¡aleluya!,mslg-spa,train
TOMÁS APÓSTOL JESÚS,Tomás fue un apóstol de Jesús.,mslg-spa,train
MI PAPÁ CINTURÓN YO REGALAR ÉL,Le regalé un cinturón a mi papá.,mslg-spa,train
NOCHE OSCURA,La noche está muy oscura.,mslg-spa,train
CARNE YO COMPRAR SUPERMERCADO,Yo compro carne en el supermercado.,mslg-spa,train
MARÍA DANIEL AMBOS IR TEATRO,María y Daniel van al teatro.,mslg-spa,train
TÚ CUIDAR MUCHO MAÑANA VERNOS,"Cuídate mucho, nos vemos mañana.",mslg-spa,train
NOSOTROS PARA EXAMEN NOSOTROS ESTUDIAR,Estudiamos para el examen.,mslg-spa,train
JOVEN HOMBRE CORTEJA ELLA SU NOVIO+MUJER,El muchacho corteja a su novia.,mslg-spa,train
CHAPULTEPEC HABER LAGO,En Chapultepec hay un lago.,mslg-spa,train
YO CLAVADO HÁBIL YO,Soy muy bueno para los clavados.,mslg-spa,train
YO IR BANCO DINERO RETIRAR,Voy al banco a retirar dinero.,mslg-spa,train
AYER NOCHE METRO CAOS,Anoche el metro era un caos.,mslg-spa,train
YO CONOCER ÉL BIEN YA YO VER ÉL CONSTA,"Yo lo conozco bien, me consta.",mslg-spa,train
"¡JARRÓN YO ROMPER, PERDÓN, ACCIDENTE!","¡Rompí el jarrón, perdón, fue un accidente!",mslg-spa,train
BANDERA MÉXICO ESCUDO ESE MUCHO BONITO,El escudo de la bandera de México es muy bonito.,mslg-spa,train
PRÓXIMO AÑO YO IR UNIVERSIDAD ESTUDIAR LUGAR SAN DIEGO,Quiero ir a estudiar el próximo año la universidad en San Diego.,mslg-spa,train
MI ABUELO+MUJER HACER RICO CHOCOLATE,Mi abuela hace un chocolate muy rico.,mslg-spa,train
SANTIAGO MONEDA GUARDAR-BOLSILLO,Santiago guarda en su bolsillo una moneda.,mslg-spa,train
MI HERMANO ACTIVO,Mi hermano es activo.,mslg-spa,train
TEPITO LUGAR FAMOSO,Tepito es un lugar muy conocido.,mslg-spa,train
MI AMIGO ARGENTINA ANTROPOLOGÍA ELLOS ESTUDIAR YA,Mis amigos argentinos estudiaron antropología.,mslg-spa,train
MI SUEGRO TRABAJO TRABAJO,Mi suegro es muy trabajador.,mslg-spa,train
JEHOVÁ YO ADORAR,Adoro a Jehová.,mslg-spa,train
AYER ESTE CELULAR YO YA COMPRAR PERO CORRIENTE,Compré este celular ayer pero está muy corriente.,mslg-spa,train
YO CONFUNDIR TI TU MAMÁ USTEDES-DEDOS PARECIDOS,Te confundo a ti y a tu mamá porque se parecen.,mslg-spa,train
YO JUGAR PARTICIPAR DEPORTIVO-GALEANA,Tengo un partido en el Deportivo Galeana.,mslg-spa,train
¿DÓNDE TUYO LOCAL?,¿Dónde está tu local?,mslg-spa,train
LLUVIA TUBO ROMPER,Con la lluvia el tubo se rompió.,mslg-spa,train
CREDENCIAL VOTAR HABER MI HUELLA,La credencial del INE tiene mi huella.,mslg-spa,train
YA TÚ DECIR MÍ NO ELUDIR PREGUNTA,"Ya dime la verdad, no eludas la pregunta.",mslg-spa,train
ESE BLANCO GATO RASGUÑAR,Ese gato blanco rasguña.,mslg-spa,train
MI PRIMO ORIZABA VIVIR,Mi primo vive en Orizaba.,mslg-spa,train
PULPO YO YA COMER DELICOSO,"Yo comí pulpo, es delicioso.",mslg-spa,train
AHORITA NIÑO DIOS YA MECER,Es hora de mecer al niño Dios.,mslg-spa,train
VAGINA ADENTRO CUERPO ORIGINAL MUJER,La vagina es un órgano femenino.,mslg-spa,train
PARQUE ADENTRO AZCAPOTZALCO NOSOTROS IR,Vamos al parque de Azcapotzalco.,mslg-spa,train
YO IR TIENDA COMPRAR JABÓN YA,Fui a comprar jabón a la tienda.,mslg-spa,train
COMIDA TENER MUCHO GRASA,La comida tiene mucha grasa.,mslg-spa,train
CHIMENEA TÚ ENCENDERFUEGO,Enciende la chimenea.,mslg-spa,train
ISABEL TENER SU CORONA ORO,Isabel tiene una corona de oro.,mslg-spa,train
BIBLIA DENTRO ADÁN NOMBRE HABER,En la biblia está el nombre de Adán.,mslg-spa,train
¡AY! SORPRESA AQUÍ YO VER TI,¡Ay! qué sorpresa verte aquí.,mslg-spa,train
CHINA HABER MUCHAS PERSONAS,En China hay sobrepoblación.,mslg-spa,train
DIARIO BIBLIA ARTURO LEER,Arturo lee la biblia diariamente.,mslg-spa,train
AYER BANCO ROCÍO DINERO RETIRAR,Rocío retiró dinero ayer en el banco.,mslg-spa,train
ESE CARRO NUEVO LUJOSO,Ese carro nuevo es muy lujoso.,mslg-spa,train
YO NO-FUI COMPUTADORA NO-SIRVE,Yo no fui quien descompuso la computadora.,mslg-spa,train
COMERCIAL MEXICANA YO COMPRAR CENA NAVIDAD,Compraré la cena de Navidad en la Comercial Mexicana.,mslg-spa,train
ANTIER PALACIO-DE-LOS-DEPORTES MAGNETO CANTAR AUDITORIO YO IR,Antier fui a un concierto de Magneto en el Palacio de los Deportes.,mslg-spa,train
PRÓXIMO-DOMINGO MI HERMANO+MUJER CASAR,Mi hermana se casa el próximo domingo.,mslg-spa,train
SOFÍA SU PAPÁ+MAMÁ APROVECHARSE-DE APOYO,Sofía se aprovechó del apoyo de sus papás.,mslg-spa,train
LLOVER TARDE PARECE,Al parecer va a llover en la tarde.,mslg-spa,train
HOY NUEVO SACERDOTE YO YA CONOCER ÉL,Hoy conocí al nuevo sacerdote.,mslg-spa,train
BOSNIA-HERZEGOVINA ESE PAÍS LEJOS,Bosnia y Herzegovina es un país muy lejano.,mslg-spa,train
HOY CUMPLEAÑOS MÍ,Hoy es mi cumpleaños.,mslg-spa,train
GUERRERO ESTADO BONITO,Guerrero es un estado bonito.,mslg-spa,train
TODO AFORTUNADO,Tú eres muy afortunado en todo.,mslg-spa,train
AYER MI PRIMO CONMIGO NOSOTROS-DE-DOS PELEAR,Mi primo se peleó conmigo ayer.,mslg-spa,train
MI GATO ACARICIAR TRANQUILO,"Yo acaricio a mi gato, él es muy tranquilo.",mslg-spa,train
MI HERMANO+MUJER SNORKELING ELLA PRACTICAR,Mi hermana practica snorkeling.,mslg-spa,train
YO SIEMPRE ORAR YO DECIR AMÉN,Siempre que rezo digo amén.,mslg-spa,train
AYER ADIÓS TÚ DECIR NADA,Ayer no me dijiste adiós.,mslg-spa,train
JUANA SU AMIGO ÁRABE,El amigo de Juana es árabe.,mslg-spa,train
SIEMPRE CUANDO ACABAR BAÑAR YO PONER-DESODORANTE,Cuando me acabo de bañar siempre me pongo desodorante.,mslg-spa,train
MALTRATO ANIMAL CRIMEN,El maltrato animal es un crimen.,mslg-spa,train
JAPÓN ESE ISLA BONITO,Japón es una isla bonita.,mslg-spa,train
ADÁN PRIMER HOMBRE MUNDO DIOS HACER,Adán es el primer hombre creado por Dios en el mundo.,mslg-spa,train
SIEMPRE YO ACOSTUMBRAR SUBIR-COCHE TAXI,Acostumbro usar taxi siempre.,mslg-spa,train
UNA-VEZ MAÑANA FIESTA CANTAR,Mañana sólo cantaré una canción en la fiesta,mslg-spa,train
SIEMPRE BEBÉ EXPRESAR EXPRESAR,El bebé siempre es muy expresivo.,mslg-spa,train
QUIZÁ YO LLEGAR TARDE TRABAJO ELLOS PODER DESPEDIR,"Si llego tarde al trabajo, me pueden despedir.",mslg-spa,train
AMETRALLADORA DIFERENTE YO NO-GUSTAR,A mí no me gustan las ametralladoras.,mslg-spa,train
MI TÍO GUATEMALA VIVIR,Mi tío vive en Guatemala.,mslg-spa,train
MI PERRO SUMISO MOLESTAR,"Mi perro es sumiso, no molesta.",mslg-spa,train
SACAR-COPIA TÚ DEBER,Debes sacar una copia.,mslg-spa,train
CUATRO CILINDRO MI CARRO USAR,Mi carro usa cuatro cilindros.,mslg-spa,train
AYER COCA-COLA YO COMPRAR,Yo compré una Coca Cola ayer.,mslg-spa,train
ÉL DESEAR CONQUISTAR ELLA MUJER PERO MIEDO ELLA ABANDONAR,"Él desea conquistar a una mujer, pero tiene miedo de que lo abandonen.",mslg-spa,train
BANDERA CAER MIENTRAS CEREMONIA,La bandera se cayó durante la ceremonia.,mslg-spa,train
BANDERA MEXICANA TENER TRES COLORES,La bandera mexicana tiene tres colores.,mslg-spa,train
PRÓXIMO VACACIONES YO VIAJAR CIUDAD-OBREGÓN,Las próximas vacaciones iré de viaje a Ciudad Obregón.,mslg-spa,train
LUGAR FABRICA SABRITAS HAY TRABAJO PARA PERSONAS,En la fábrica de Sabritas buscan personal para trabajar.,mslg-spa,train
YO NO-FUI VIDRIO ROMPER ROMPER,Yo no fui el que rompió el vidrio.,mslg-spa,train
MAÑANA MI TÍO MUDARSE CASA,Mi tío se mudará de casa mañana.,mslg-spa,train
MAÑANA YO VIAJAR ÁFRICA,Mañana voy a viajar a África.,mslg-spa,train
MI PAPÁ LLENAR-FORMATO PARA MANEJO LICENCIA TRAMITAR,Mi papá llena el formato para tramitar su licencia de manejo.,mslg-spa,train
ÁLVARO OBREGÓN YO VIVIR,Yo vivo en la Delegación Álvaro Obregón.,mslg-spa,train
TÚ YA DEBER RESPONSABLE TÚ YA ADULTO,"Tú ya debes ser responsable, ya eres un adulto.",mslg-spa,train
SEMÁFORO LUZ ROJA YO PASAR AHORA MULTA YO DEBER PAGAR,"Me pasé un semáforo, ahora tengo que pagar una multa.",mslg-spa,train
¿DÓNDE TUYO CÓMPLICE DÓNDE?,¿Dónde está tu cómplice?,mslg-spa,train
YO NECESITAR DINERO PAGAR GASOLINA,Necesito dinero para poder pagar la gasolina.,mslg-spa,train
ELLA LLORAR PORQUE CEBOLLA PICAR,Ella llora porque pica cebolla.,mslg-spa,train
ISLANDIA DÓNDE LUGAR EUROPA,Islandia se encuentra en Europa.,mslg-spa,train
PERRO MUCHO SED,El perro tiene mucha sed.,mslg-spa,train
SEMANA PASADA PASTO MÍ PAPÁ HOZ CORTAR,La semana pasada mi papá cortó la hierba con la hoz.,mslg-spa,train
ELLA TENER CABELLO-LACÍO,Ella tiene cabello lacio.,mslg-spa,train
CANTAR+MUJER MADONNA ELLOS ADMIRAR ELLA,Ellos admiran a la cantante Madonna.,mslg-spa,train
LUZ BABY-SHOWER MAÑANA,Mañana será el Baby Shower de Luz.,mslg-spa,train
TUS OJOS HERMOSOS COLOR CAFÉ,Tú tienes unos hermosos ojos color café.,mslg-spa,train
TÚ MALO NO DEBER,No debes ser malo.,mslg-spa,train
AYER METRO AMETRALLADORA SOLDADO YO VER,Ayer en el metro vi a un soldado con su ametralladora.,mslg-spa,train
ESE HOMBRE JOVEN BUEN CORREDOR,Ese muchacho es muy buen corredor.,mslg-spa,train
YO VIAJE FRANCIA YO EMOCIONAR YA,Mi viaje a Francia me emocionó.,mslg-spa,train
SU HIJO ÉL ABANDONAR,Él abandonó a su hijo.,mslg-spa,train
BARCO CAPITÁN ÉL INTELIGENTE,El capitán del barco es muy inteligente.,mslg-spa,train
PLAYA MUCHOS COCOS YO ENCONTRAR YA,En la playa encontré muchos cocos.,mslg-spa,train
YO NO GUSTAR ARAÑA,A mí no me gustan las arañas.,mslg-spa,train
YO FELIZ MI HIJO LICENCIA-DE-CONDUCIR ÉL YA TENER,"Estoy feliz, mi hijo ya tiene licencia de conducir.",mslg-spa,train
YO DOLOR ESPALDA PORQUE AYER MUEBLE YO CARGAR,Me duele la espalda porque ayer cargué un mueble.,mslg-spa,train
"AYER JOSEFINA, ALBERTO AMBOS DADOS JUGAR",Josefina y Alberto jugaron dados ayer.,mslg-spa,train
SENADOR GASOLINA AUMENTAR PORQUÉ ÉL EXPLICAR,El senador explica por qué la gasolina está cara.,mslg-spa,train
MUJER TENER VÁGINA,Las mujeres tienen vágina.,mslg-spa,train
TODOS-SÁBADOS MI AMIGO+MUJER SUYO NOVIO CASINO IR,Mi amiga y su novio van los sábados al casino.,mslg-spa,train
ALONDRA YA PROMETER SU MAMÁ FUTURO MÉDICO,Alondra le prometió a su mamá ser médico.,mslg-spa,train
SIEMPRE ÉL DISTRAÍDO,Él siempre está muy distraído.,mslg-spa,train
HOMBRE GOBERNADOR PUBLICIDAD COLOCAR COLOCAR CALLES,El gobernador colocó mucha publicidad por las calles.,mslg-spa,train
GOBIERNO CUIDAR PERSONA,El gobierno cuida a los ciudadanos.,mslg-spa,train
VECINO ÉL PEDIR MI CARRO MOVER,El vecino me pidió mover mi carro.,mslg-spa,train
MI HERMANO BICICLETA ÉL CAER,Mi hermano se cayó de la bicicleta.,mslg-spa,train
MI PUERTA COLOR AZUL YO YA PINTAR,Pinté mi puerta de color azul.,mslg-spa,train
JOVEN HOMBRE DEPORTE RAFTING,El deportista de rafting es joven.,mslg-spa,train
ESTA SERVILLETA SUCIA,Esta servilleta está sucia.,mslg-spa,train
MIGUEL PECHO ÉL DOLER,Miguel tiene dolor en el pecho.,mslg-spa,train
YO YA GANAR CAMPEONATO,Yo gané el campeonato.,mslg-spa,train
DOS-DE-NOSOTROS YA SEPARAR,Él y yo ya nos separamos.,mslg-spa,train
ANA SUYO PERRO ABANDONAR YA,Ana abandonó a su perro.,mslg-spa,train
NECESITAR EJERCICIO EJERCICIO PARA SALUD,Es necesario hacer ejercicio para estar sano.,mslg-spa,train
PABLO FLOJO,Pablo es flojo.,mslg-spa,train
MÍ MAMÁ COMPRAR CALZÓN,Mi mamá me compró un calzón.,mslg-spa,train
MI AMIGO JULIO TENER ACTA-DEMANDA,Mi amigo Julio tiene un acta de demanda.,mslg-spa,train
MI AMIGO RODOLFO DADIVOSO,Mi amigo Rodolfo es muy dadivoso.,mslg-spa,train
MI HERMANO+MUJER YA EMBARAZADA,Mi hermana está embarazada.,mslg-spa,train
NOSOTROS CAMINAR A SUR PARA AGUA ENCONTRAR,Caminemos hacia el sur para encontrar agua.,mslg-spa,train
FÁCIL APRENDER LETRA ABECEDARIO,Es fácil aprender las letras del abecedario.,mslg-spa,train
MIGUEL ÉL QUERER NOVIO+MUJER PERO NO-ATREVERSE,"Miguel quiere declarse a su amiga, pero no se atreve.",mslg-spa,train
BRASILIA BONITO,Brasilia es bonita.,mslg-spa,train
PRÓXIMO AÑO LUGAR LAGO-DE-PÁTZCUARO NOSOTROS VIAJAR,Nosotros viajaremos el próximo año al Lago de Pátzcuaro.,mslg-spa,train
DICIEMBRE MUCHAS PERSONAS ESQUIAR IR,En diciembre muchas personas van a esquiar.,mslg-spa,train
¿TÚ YA CENAR?,¿Ya cenaste?,mslg-spa,train
ANTES PRESIDENTE MÉXICO ¿QUIÉN? CARLOS-SALINAS-DE-GORTARI,¿Quién fue el presidente de México? Carlos Salinas de Gortari.,mslg-spa,train
NOCHE MENSAJEAR WHATSAPP TÚ MANDAR MÍ,Me mandas un mensaje de whatsapp en la noche.,mslg-spa,train
DIARIO MI VECINO IR ALCOHÓLICOS-ANÓNIMOS,Mi vecino va diario a Alcohólicos Anónimos.,mslg-spa,train
CINTURÓN-DE-SEGURIDAD MI AUTO NO-HAY,Mi auto no tiene cinturón de seguridad.,mslg-spa,train
MAESTRO ALUMNOS REUNIÓN APARTE,El maestro se reunió aparte con sus alumnos.,mslg-spa,train
MOCHILA ROJA HABER DOS PAÑAL,En la mochila roja hay dos pañales.,mslg-spa,train
MI JEFE ÉL PAGAR MÍ SUELDO MITAD,Mi jefe me pagó la mitad del sueldo.,mslg-spa,train
VACUNAS PROTEGER ENFERMEDAD,Las vacunas te protegen de las enfermedades.,mslg-spa,train
¿TÚ CONTESTAR MI PREGUNTA PODER?,¿Puedes contestar mi pregunta?,mslg-spa,train
MI AMIGO+MUJER MODELO SU REVISTA,Mi amiga es modelo de una revista.,mslg-spa,train
ESO BONITO SÍ YO GUSTAR,"Eso es muy bonito, sí me gusta.",mslg-spa,train
CAJA PEQUEÑA SU COLOR ROJO,La caja pequeña es de color rojo.,mslg-spa,train
¿TÚ YA CONOCER ARGENTINA?,¿Tú ya conoces Argentina?,mslg-spa,train
PASADO-SÁBADO CARRETERA HABER ACCIDENTE GRAVE,El sábado pasado hubo un grave accidente en la carretera.,mslg-spa,train
MI TÍO+MUJER DELICIOSO COCINAR,Mi tía cocina delicioso.,mslg-spa,train
ÉL EJERCER EJERCER FORTALECER,Él hace mucho ejercicio para fortalecerse.,mslg-spa,train
FILIPINAS SUYO ASIA,Filipinas está en Asia.,mslg-spa,train
IRÁN BANDERA COLOR VERDE BLANCO ROJO,Los colores de la bandera de Irán son verde blanco y rojo.,mslg-spa,train
YO ASUSTAR ARAÑAS YO MIEDO,"Me asusto con las arañas, me dan miedo.",mslg-spa,train
PAYASO MUCHO MAQUILLAJE,El payaso usa mucho maquillaje.,mslg-spa,train
TIENDA CERCA DOS CUADRAS,La tienda más cercana está a dos cuadras.,mslg-spa,train
CIUDAD-DE-MÉXICO ENORME,La Ciudad de México es enorme.,mslg-spa,train
MI TARJETA-DE-CRÉDITO YO PAGAR,Yo pago con mi tarjeta de crédito.,mslg-spa,train
MI NOVIO NACER LUGAR ARGENTINA,Mi novio nació en Argentina.,mslg-spa,train
LUGAR TOKIO SU ASIA,Tokio se ubica en Asia.,mslg-spa,train
AYER CINE MI PRIMO YA ÉL CONQUISTAR ELLA MI AMIGO+MUJER,Ayer mi primo conquistó a mi amiga en el cine.,mslg-spa,train
TABLE-DANCE MUJER DIFERENTE BAILA MESA,"En el table dance, las mujeres bailan sobre la mesa",mslg-spa,train
¿Y-ESO?,¿Y eso?,mslg-spa,train
AYER YO PERDER MI LIGA,Ayer perdí mi liga.,mslg-spa,train
AYER MI AUTOMÓVIL YO ENTREGAR-ENGANCHE,Ayer entregué el enganche de mi auto.,mslg-spa,train
EFECTIVO NINGÚN YO TRAER,No traigo efectivo.,mslg-spa,train
METRO LÍNEA NÚMERO 12 FALLO CONSTRUIR ARREGLAR,La línea 12 del metro tuvo un gran fallo estructural.,mslg-spa,train
PAVO COMIDA BASICA NAVIDAD,Los pavos son la comida básica en Navidad,mslg-spa,train
MUCHOS POLICÍA HABER MANIFESTACIÓN,Hay muchos policías en la manifestación.,mslg-spa,train
MARÍA LOTERÍA GANAR AHORA MILLONARIA ELLA,"María ganó la lotería, ahora es millonaria.",mslg-spa,train
ÉL GRAVE,Él está muy grave.,mslg-spa,train
JUGUETE CARRO YO GUSTAR COLECCIONAR,Me gusta coleccionar carros de juguete.,mslg-spa,train
DOMINGO YO CONFIRMACIÓN YO IR,Iré a una confirmación el domingo.,mslg-spa,train
MÍ ABUELO+MUJER 90 EDAD,Mi abuela tiene 90 años.,mslg-spa,train
DIARIO YO MANEJAR CARRO YO DEBER PONER-GASOLINA,"Diario manejo mi auto, debo ponerle gasolina.",mslg-spa,train
ELLOS PERSONA ENFERMO TU ENFRENTARSE TÚ CONTAGIAR PODER,No te juntes con personas enfermas te pueden contagiar.,mslg-spa,train
AÑO-PASADO UNIVERSIDAD YO TERMINAR,El año pasado terminé la universidad.,mslg-spa,train
MAÑANA BARCO YA LLEGAR,El barco llegó en la mañana.,mslg-spa,train
MAÑANA TRABAJO JUAN YO NOSOTROS-DE-DOS ACOMPAÑAR,Mañana Juan y yo nos acompañaremos al trabajo.,mslg-spa,train
MESA FIERRO PESADO,La mesa de fierro está muy pesada.,mslg-spa,train
SEMANA PASADA TUYO CONTROL-DE-VIDEOJUEGO DESCOMPONERSE,Tu control de videojuego se descompuso la semana pasada.,mslg-spa,val
SÍ YO GUSTAR JUGAR BOLICHE,A mí sí me gusta jugar boliche.,mslg-spa,val
ANTES CANCÚN IDA-Y-VENIR,Fui a Cancún de ida y vuelta.,mslg-spa,val
AÑO-PASADO YO VIAJAR GUANAJUATO,El año pasado viajé a Guanajuato.,mslg-spa,val
NOEMÍ YA ULTRASONIDO PARA SABER SUYO BEBE NIÑO NIÑO+MUJER,Noemí se hizo un ultrasonido para saber si su bebé era niño o niña.,mslg-spa,val
ANTES MIGUEL NOVIO,Miguel fue mi novio.,mslg-spa,val
ÚNICO MUJER TENER SU CLITORIS,Sólo las mujeres tienen clítoris.,mslg-spa,val
NUEVO CD YO YA PERDER,Perdí mi nuevo CD.,mslg-spa,val
PEZ COLOR AZUL MI FAVORITO,Los peces azules son mis favoritos.,mslg-spa,val
ALCOHOL YO NO-GUSTAR,A mí no me gusta el alcohol.,mslg-spa,val
¿CUÁNTOS MÉXICO-NACIONAL SORDOS HABER?,¿Cuántos sordos hay en México?,mslg-spa,val
YO GUSTAR PAPA,Me gustan las papas.,mslg-spa,val
ROPA NUEVA YO COMPRAR YO MODA-DE-ROPA,Compraré ropa nueva. Yo estoy a la moda.,mslg-spa,val
NIÑO NIÑO TENER PIOJO,Los niños tienen piojos.,mslg-spa,val
YO CREER ESPÍRITU SANTO,Yo creo en el Espíritu Santo.,mslg-spa,val
YO YA VISITAR MURAL DIEGO-RIVERA,Visité el mural de Diego Rivera.,mslg-spa,val
MI HIJO+MUJER ELLA GUSTAR PATO MUCHO,A mi hija le gustan los patos.,mslg-spa,val
ELLA CARA BONITA,Ella tiene una cara bonita.,mslg-spa,val
SEÑORA MARÍA TENER COCINA,La señora María tiene una cocina.,mslg-spa,val
NAVIDAD ÚLTIMA DOS-DE-NOSOTROS NO-TE-HE-VISTO,No te he visto desde la última navidad.,mslg-spa,val
CUBA CALOR,En Cuba hace mucho calor,mslg-spa,val
HACE-PASADO CRISTÓBAL-COLÓN DESCUBRIR AMÉRICA,Cristóbal Colón descubrió América hace años.,mslg-spa,val
"LENGUA MÁS HABLA CHINA, INGLATERRA, ESPAÑA","Las lenguas más habladas son el chino, el inglés y el español.",mslg-spa,val
NOSOTROS TENER MUCHA ACTIVIDAD DIFERENTE ESCUELA,Nosotros tenemos muchas actividades en la escuela.,mslg-spa,val
NEZAHUALCÓYOTL MUCHO CHOLO,En Nezahualcóyotl hay muchos cholos,mslg-spa,val
CASA AMIGO DETRÁS MI CASA,La casa de mi amigo está detrás de la mía.,mslg-spa,val
COSAS DIFERENTE COMPRAR TIENDA BOLSA-DE-PLÁSTICO METER,Mete en la bolsa las cosas que compraste en la tienda.,mslg-spa,val
TODO-SÁBADO TODO-SÁBADO CEPAMEX RAÚL ENTRENAR,Raúl entrena los sábados en CEPAMEX.,mslg-spa,val
MAÑANA LIVERPOOL HABER DESCUENTO BOLSA-MANO,Mañana habrá descuentos en bolsas de mano en Liverpool.,mslg-spa,val
JOSÉ APRENDER IDIOMA ITALIA,José aprende la lengua de Italia.,mslg-spa,val
PAN BOLILLO TÚ COMPRAR,Compra pan bolillo.,mslg-spa,val
ESA ANTENA CARA VERDAD,Esa antena es muy cara.,mslg-spa,val
YO VIAJAR CONTIGO,Yo no viajo contigo.,mslg-spa,val
APAGAR LUZ POR-FAVOR,"Por favor, apaga la luz.",mslg-spa,val
YO SUERTE LOGRAR YO PODER,"Yo tuve suerte, lo pude lograr.",mslg-spa,val
A-VECES YO IR CASA SIEMPRE NO,"No siempre voy a casa, sólo a veces.",mslg-spa,val
TÚ NO PREOCUPAR DEJARLO-ASÍ,"No te preocupes, déjalo así.",mslg-spa,val
YO TENER-CULPA,Yo no tengo la culpa.,mslg-spa,val
TAIWÁN ISLA,Taiwán es una isla.,mslg-spa,val
YA ÉL ARRESTADO ESO FEO VERDAD,"Él fue arrestado, qué feo.",mslg-spa,val
YO VER BIEN YO BORROSO,"No veo bien, veo borroso.",mslg-spa,val
PONTE-SUDADERA NOSOTROS IR CORRER,Vamos a correr ponte la sudadera.,mslg-spa,val
DISFRAZ HACER. PAPEL,El disfraz está hecho de papel,mslg-spa,val
CESÁREA YO NACER YA,Yo nací por cesárea.,mslg-spa,val
ALGUIEN ÉL AYUDAR MÍ,Algunas personas son voluntarias en la Cruz Roja.,mslg-spa,val
RASURADORA YO QUERER COMPRAR,Quiero comprar una rasuradora.,mslg-spa,val
TUYO SOBRINO ATRÁS MI ESPOSO,Tu sobrino está atrás de mi esposo.,mslg-spa,val
SIEMPRE MI HERMANO+MUJER SU AMIGO AMBOS AHORA JUNTOS IMITAR SU CARÁCTER,"Mi hermana y su amigo siempre están juntos, ahora ella imita su comportamiento.",mslg-spa,val
MI HERMANO TENER DIENTE DIENTE CHUECO,Mi hermanito tiene los dientes chuecos.,mslg-spa,val
ESO FEO PARECE VULGAR,"Eso es feo, parece vulgar.",mslg-spa,test
POLLO YO QUERER COMER,Quiero comer pollo.,mslg-spa,test
SUEGRO MI PRIMO SAMUEL ÉL CIEGO ÉL,El suegro de mi primo Samuel es ciego.,mslg-spa,test
SIEMPRE TODO TU ESPOSO DAR-EL-AVIÓN,Tu esposo siempre me da el avión en todo.,mslg-spa,test
LEY ROBAR PROHIBIR,La ley prohíbe robar.,mslg-spa,test
NUESTRA CITA LUGAR TAXQUEÑA,Nuestra cita es en Taxqueña.,mslg-spa,test
AYER MI HERMANO PASTEL ÉL DAR MÍ,Mi hermano no me dio pastel ayer.,mslg-spa,test
ESA MÁQUINA FALLA COMPONER NECESITA,"Esa máquina falla mucho, se necesita que la compongan.",mslg-spa,test
AYER MI TIO SAN FRANCISCO YA LLEGAR,Ayer llegó mi tío de San Francisco.,mslg-spa,test
JABÓN BURBUJAS,El jabón hace burbujas.,mslg-spa,test
ESE PROFESOR SIEMPRE AMARGADO ESO ¡FEO!,"Ese profesor siempre está amargado, ¡qué feo!",mslg-spa,test
CELAYA MI FAMILIA NOSOTROS-DE-DOS YA IR,MI Mí familia y yo fuimos a Celaya.,mslg-spa,test
MAÑANA YO DINERO DEPOSITAR BANCO,Mañana voy a depositar el dinero en el banco.,mslg-spa,test
COMIDA FALTA SAL POQUITO,A la comida le faltó un poco de sal.,mslg-spa,test
BAJA-CALIFORNIA-SUR PLAYA DIFERENTES MUCHO LIMPIO,Las playas de Baja California Sur son muy limpias.,mslg-spa,test
TODO PRODUCTO CÓDIGO-DE-BARRAS ETIQUETA HABER,Todos los productos se etiquetan con un código de barras.,mslg-spa,test
ADMINISTRACIÓN DELEGACIÓN ELLOS IR,Ellos fueron a la administración de la delegación.,mslg-spa,test
"DIARIO ALABANZA DIOS, NOSOTROS HACER",Todos los días hacemos alabanzas a Dios.,mslg-spa,test
UNIVERSIDAD GALLAUDET FAMOSA,La Universidad Gallaudet es muy famosa.,mslg-spa,test
¿DÓNDE BALÓN DÓNDE?,¿Dónde hay un balón?,mslg-spa,test
SECRETARIA ELLA COMPUTADORA CARTA ARCHIVO,La secretaria está capturando la carta.,mslg-spa,test
¿TÚ CREER TODOS ALMA TENER?,¿Crees que todos tenemos alma?,mslg-spa,test
PERSONAS SORDAS TENER SU DERECHO EDUCACIÓN BILINGÜE,Las personas sordas tienen derecho a una educación bilingüe.,mslg-spa,test
12% SUELDO YA AUMENTAR,Aumentó el sueldo en un 12%.,mslg-spa,test
FRONTERA TIJUANA MÍ TÍO VIVIR,"Mi tío vive en la frontera, en Tijuana.",mslg-spa,test
PELÍCULAS CON SUBTÍTULOS MI NOVIO NOSOTROS-DE-DOS VER,Mi novio y yo vemos películas con subtítulos.,mslg-spa,test
ESE HOMBRE LOCO PARECER,Ese hombre parece loco.,mslg-spa,test
POLICÍA PERSEGUIR JOVEN,El policía persigue a un joven.,mslg-spa,test
DIARIO PARQUE SALVADOR BOX EJERCER,Salvador entrena box diario en el parque.,mslg-spa,test
MERCADO BARATA MUCHA ESCOBA DIFERENTE VENDER,En el mercado venden muchas escobas baratas.,mslg-spa,test
ESA PIEDRA BONITA BRILLO MUCHO,"Esa piedra está muy bonita, brilla mucho.",mslg-spa,test
ODONTOLOGÍA YO PENSAR ESTUDIAR,Pienso estudiar odontología.,mslg-spa,test
ESTONIA FRONTERA RUSIA,Estonia tiene una frontera con Rusia.,mslg-spa,test
HACE-TIEMPO ENRIQUE-PEÑA-NIETO GOBERNADOR ESTADO-DE-MÉXICO,Enrique Peña Nieto fue gobernador del Estado de México.,mslg-spa,test
¡YO ASUSTAR ALMA DESAPARECER!,¡Del susto se me escapó el alma!,mslg-spa,test
EDGAR FUTURO MAESTRO,Edgar será maestro.,mslg-spa,test
MAÑANA COMBI YO IR A MI CASA,Mañana me iré en combi a mi casa.,mslg-spa,test
MUCHO ESFUERZO TÚ DEBER META TÚ ALCANZAR,Debes esforzarte mucho para alcanzar tu meta.,mslg-spa,test
COMPETENCIA ATLETISMO MI AMIGO+MUJER YA INSCRIBIRSE,Mi amiga se inscribió en una competencia de atletismo.,mslg-spa,test
SUBURBANO VIAJAR VELOCIDAD,En suburbano se viaja más rápido.,mslg-spa,test
ESE ELEFANTE OREJÓN CHISTOSO,Ese elefante orejón es muy chistoso.,mslg-spa,test
CAJÓN HOJAS BLANCAS HAY,Hay hojas blancas en el cajón.,mslg-spa,test
WINDSURF NECESITAR VIENTO MAR,El windsurf necesita del aire para deslizarse.,mslg-spa,test
ANIMAL DIFERENTES DIFERENTES BONITO VERDAD,Los animales son muy bonitos en verdad.,mslg-spa,test
CONGRESO NUEVA LEY APROBAR YA,El Congreso aprobó la nueva ley.,mslg-spa,test
CARRERA MEDICINA CONCENTRACIÓN A-FUERZA,La medicina es una carrera que exige concentración.,mslg-spa,test
MESA NUEVA YO QUERER,Quiero una mesa nueva.,mslg-spa,test
MI TRABAJO MUCHO CANSAR CANSAR,Mi trabajo es muy cansado.,mslg-spa,test
DINERO NADA ESO GRATIS,"Eso no cuesta nada, es gratis.",mslg-spa,test
